{"id":[147132481],"node_id":["MDEwOlJlcG9zaXRvcnkxNDcxMzI0ODE="],"name":["anki-clozer"],"full_name":["pmbaumgartner/anki-clozer"],"private":[false],"owner":{"login":["pmbaumgartner"],"id":[5107405],"node_id":["MDQ6VXNlcjUxMDc0MDU="],"avatar_url":["https://avatars1.githubusercontent.com/u/5107405?v=4"],"gravatar_id":[""],"url":["https://api.github.com/users/pmbaumgartner"],"html_url":["https://github.com/pmbaumgartner"],"followers_url":["https://api.github.com/users/pmbaumgartner/followers"],"following_url":["https://api.github.com/users/pmbaumgartner/following{/other_user}"],"gists_url":["https://api.github.com/users/pmbaumgartner/gists{/gist_id}"],"starred_url":["https://api.github.com/users/pmbaumgartner/starred{/owner}{/repo}"],"subscriptions_url":["https://api.github.com/users/pmbaumgartner/subscriptions"],"organizations_url":["https://api.github.com/users/pmbaumgartner/orgs"],"repos_url":["https://api.github.com/users/pmbaumgartner/repos"],"events_url":["https://api.github.com/users/pmbaumgartner/events{/privacy}"],"received_events_url":["https://api.github.com/users/pmbaumgartner/received_events"],"type":["User"],"site_admin":[false]},"html_url":["https://github.com/pmbaumgartner/anki-clozer"],"description":["App for making cloze deletion cards for Anki"],"fork":[false],"url":["https://api.github.com/repos/pmbaumgartner/anki-clozer"],"forks_url":["https://api.github.com/repos/pmbaumgartner/anki-clozer/forks"],"keys_url":["https://api.github.com/repos/pmbaumgartner/anki-clozer/keys{/key_id}"],"collaborators_url":["https://api.github.com/repos/pmbaumgartner/anki-clozer/collaborators{/collaborator}"],"teams_url":["https://api.github.com/repos/pmbaumgartner/anki-clozer/teams"],"hooks_url":["https://api.github.com/repos/pmbaumgartner/anki-clozer/hooks"],"issue_events_url":["https://api.github.com/repos/pmbaumgartner/anki-clozer/issues/events{/number}"],"events_url":["https://api.github.com/repos/pmbaumgartner/anki-clozer/events"],"assignees_url":["https://api.github.com/repos/pmbaumgartner/anki-clozer/assignees{/user}"],"branches_url":["https://api.github.com/repos/pmbaumgartner/anki-clozer/branches{/branch}"],"tags_url":["https://api.github.com/repos/pmbaumgartner/anki-clozer/tags"],"blobs_url":["https://api.github.com/repos/pmbaumgartner/anki-clozer/git/blobs{/sha}"],"git_tags_url":["https://api.github.com/repos/pmbaumgartner/anki-clozer/git/tags{/sha}"],"git_refs_url":["https://api.github.com/repos/pmbaumgartner/anki-clozer/git/refs{/sha}"],"trees_url":["https://api.github.com/repos/pmbaumgartner/anki-clozer/git/trees{/sha}"],"statuses_url":["https://api.github.com/repos/pmbaumgartner/anki-clozer/statuses/{sha}"],"languages_url":["https://api.github.com/repos/pmbaumgartner/anki-clozer/languages"],"stargazers_url":["https://api.github.com/repos/pmbaumgartner/anki-clozer/stargazers"],"contributors_url":["https://api.github.com/repos/pmbaumgartner/anki-clozer/contributors"],"subscribers_url":["https://api.github.com/repos/pmbaumgartner/anki-clozer/subscribers"],"subscription_url":["https://api.github.com/repos/pmbaumgartner/anki-clozer/subscription"],"commits_url":["https://api.github.com/repos/pmbaumgartner/anki-clozer/commits{/sha}"],"git_commits_url":["https://api.github.com/repos/pmbaumgartner/anki-clozer/git/commits{/sha}"],"comments_url":["https://api.github.com/repos/pmbaumgartner/anki-clozer/comments{/number}"],"issue_comment_url":["https://api.github.com/repos/pmbaumgartner/anki-clozer/issues/comments{/number}"],"contents_url":["https://api.github.com/repos/pmbaumgartner/anki-clozer/contents/{+path}"],"compare_url":["https://api.github.com/repos/pmbaumgartner/anki-clozer/compare/{base}...{head}"],"merges_url":["https://api.github.com/repos/pmbaumgartner/anki-clozer/merges"],"archive_url":["https://api.github.com/repos/pmbaumgartner/anki-clozer/{archive_format}{/ref}"],"downloads_url":["https://api.github.com/repos/pmbaumgartner/anki-clozer/downloads"],"issues_url":["https://api.github.com/repos/pmbaumgartner/anki-clozer/issues{/number}"],"pulls_url":["https://api.github.com/repos/pmbaumgartner/anki-clozer/pulls{/number}"],"milestones_url":["https://api.github.com/repos/pmbaumgartner/anki-clozer/milestones{/number}"],"notifications_url":["https://api.github.com/repos/pmbaumgartner/anki-clozer/notifications{?since,all,participating}"],"labels_url":["https://api.github.com/repos/pmbaumgartner/anki-clozer/labels{/name}"],"releases_url":["https://api.github.com/repos/pmbaumgartner/anki-clozer/releases{/id}"],"deployments_url":["https://api.github.com/repos/pmbaumgartner/anki-clozer/deployments"],"created_at":["2018-09-03T00:27:40Z"],"updated_at":["2018-09-03T00:36:20Z"],"pushed_at":["2018-09-03T00:36:19Z"],"git_url":["git://github.com/pmbaumgartner/anki-clozer.git"],"ssh_url":["git@github.com:pmbaumgartner/anki-clozer.git"],"clone_url":["https://github.com/pmbaumgartner/anki-clozer.git"],"svn_url":["https://github.com/pmbaumgartner/anki-clozer"],"homepage":{},"size":[129],"stargazers_count":[0],"watchers_count":[0],"language":["Python"],"has_issues":[true],"has_projects":[false],"has_downloads":[true],"has_wiki":[false],"has_pages":[false],"forks_count":[0],"mirror_url":{},"archived":[false],"disabled":[false],"open_issues_count":[0],"license":{"key":["other"],"name":["Other"],"spdx_id":["NOASSERTION"],"url":{},"node_id":["MDc6TGljZW5zZTA="]},"forks":[0],"open_issues":[0],"watchers":[0],"default_branch":["master"],"permissions":{"admin":[false],"push":[false],"pull":[true]}}
