{"id":[161393361],"node_id":["MDEwOlJlcG9zaXRvcnkxNjEzOTMzNjE="],"name":["django-materializecss-form"],"full_name":["pmbaumgartner/django-materializecss-form"],"private":[false],"owner":{"login":["pmbaumgartner"],"id":[5107405],"node_id":["MDQ6VXNlcjUxMDc0MDU="],"avatar_url":["https://avatars1.githubusercontent.com/u/5107405?v=4"],"gravatar_id":[""],"url":["https://api.github.com/users/pmbaumgartner"],"html_url":["https://github.com/pmbaumgartner"],"followers_url":["https://api.github.com/users/pmbaumgartner/followers"],"following_url":["https://api.github.com/users/pmbaumgartner/following{/other_user}"],"gists_url":["https://api.github.com/users/pmbaumgartner/gists{/gist_id}"],"starred_url":["https://api.github.com/users/pmbaumgartner/starred{/owner}{/repo}"],"subscriptions_url":["https://api.github.com/users/pmbaumgartner/subscriptions"],"organizations_url":["https://api.github.com/users/pmbaumgartner/orgs"],"repos_url":["https://api.github.com/users/pmbaumgartner/repos"],"events_url":["https://api.github.com/users/pmbaumgartner/events{/privacy}"],"received_events_url":["https://api.github.com/users/pmbaumgartner/received_events"],"type":["User"],"site_admin":[false]},"html_url":["https://github.com/pmbaumgartner/django-materializecss-form"],"description":["Materializecss for Django Form"],"fork":[true],"url":["https://api.github.com/repos/pmbaumgartner/django-materializecss-form"],"forks_url":["https://api.github.com/repos/pmbaumgartner/django-materializecss-form/forks"],"keys_url":["https://api.github.com/repos/pmbaumgartner/django-materializecss-form/keys{/key_id}"],"collaborators_url":["https://api.github.com/repos/pmbaumgartner/django-materializecss-form/collaborators{/collaborator}"],"teams_url":["https://api.github.com/repos/pmbaumgartner/django-materializecss-form/teams"],"hooks_url":["https://api.github.com/repos/pmbaumgartner/django-materializecss-form/hooks"],"issue_events_url":["https://api.github.com/repos/pmbaumgartner/django-materializecss-form/issues/events{/number}"],"events_url":["https://api.github.com/repos/pmbaumgartner/django-materializecss-form/events"],"assignees_url":["https://api.github.com/repos/pmbaumgartner/django-materializecss-form/assignees{/user}"],"branches_url":["https://api.github.com/repos/pmbaumgartner/django-materializecss-form/branches{/branch}"],"tags_url":["https://api.github.com/repos/pmbaumgartner/django-materializecss-form/tags"],"blobs_url":["https://api.github.com/repos/pmbaumgartner/django-materializecss-form/git/blobs{/sha}"],"git_tags_url":["https://api.github.com/repos/pmbaumgartner/django-materializecss-form/git/tags{/sha}"],"git_refs_url":["https://api.github.com/repos/pmbaumgartner/django-materializecss-form/git/refs{/sha}"],"trees_url":["https://api.github.com/repos/pmbaumgartner/django-materializecss-form/git/trees{/sha}"],"statuses_url":["https://api.github.com/repos/pmbaumgartner/django-materializecss-form/statuses/{sha}"],"languages_url":["https://api.github.com/repos/pmbaumgartner/django-materializecss-form/languages"],"stargazers_url":["https://api.github.com/repos/pmbaumgartner/django-materializecss-form/stargazers"],"contributors_url":["https://api.github.com/repos/pmbaumgartner/django-materializecss-form/contributors"],"subscribers_url":["https://api.github.com/repos/pmbaumgartner/django-materializecss-form/subscribers"],"subscription_url":["https://api.github.com/repos/pmbaumgartner/django-materializecss-form/subscription"],"commits_url":["https://api.github.com/repos/pmbaumgartner/django-materializecss-form/commits{/sha}"],"git_commits_url":["https://api.github.com/repos/pmbaumgartner/django-materializecss-form/git/commits{/sha}"],"comments_url":["https://api.github.com/repos/pmbaumgartner/django-materializecss-form/comments{/number}"],"issue_comment_url":["https://api.github.com/repos/pmbaumgartner/django-materializecss-form/issues/comments{/number}"],"contents_url":["https://api.github.com/repos/pmbaumgartner/django-materializecss-form/contents/{+path}"],"compare_url":["https://api.github.com/repos/pmbaumgartner/django-materializecss-form/compare/{base}...{head}"],"merges_url":["https://api.github.com/repos/pmbaumgartner/django-materializecss-form/merges"],"archive_url":["https://api.github.com/repos/pmbaumgartner/django-materializecss-form/{archive_format}{/ref}"],"downloads_url":["https://api.github.com/repos/pmbaumgartner/django-materializecss-form/downloads"],"issues_url":["https://api.github.com/repos/pmbaumgartner/django-materializecss-form/issues{/number}"],"pulls_url":["https://api.github.com/repos/pmbaumgartner/django-materializecss-form/pulls{/number}"],"milestones_url":["https://api.github.com/repos/pmbaumgartner/django-materializecss-form/milestones{/number}"],"notifications_url":["https://api.github.com/repos/pmbaumgartner/django-materializecss-form/notifications{?since,all,participating}"],"labels_url":["https://api.github.com/repos/pmbaumgartner/django-materializecss-form/labels{/name}"],"releases_url":["https://api.github.com/repos/pmbaumgartner/django-materializecss-form/releases{/id}"],"deployments_url":["https://api.github.com/repos/pmbaumgartner/django-materializecss-form/deployments"],"created_at":["2018-12-11T21:03:09Z"],"updated_at":["2018-12-11T21:09:25Z"],"pushed_at":["2018-12-11T21:09:23Z"],"git_url":["git://github.com/pmbaumgartner/django-materializecss-form.git"],"ssh_url":["git@github.com:pmbaumgartner/django-materializecss-form.git"],"clone_url":["https://github.com/pmbaumgartner/django-materializecss-form.git"],"svn_url":["https://github.com/pmbaumgartner/django-materializecss-form"],"homepage":[""],"size":[68],"stargazers_count":[0],"watchers_count":[0],"language":["HTML"],"has_issues":[false],"has_projects":[true],"has_downloads":[true],"has_wiki":[true],"has_pages":[false],"forks_count":[0],"mirror_url":{},"archived":[false],"disabled":[false],"open_issues_count":[0],"license":{"key":["mit"],"name":["MIT License"],"spdx_id":["MIT"],"url":["https://api.github.com/licenses/mit"],"node_id":["MDc6TGljZW5zZTEz"]},"forks":[0],"open_issues":[0],"watchers":[0],"default_branch":["master"],"permissions":{"admin":[false],"push":[false],"pull":[true]}}
