{"id":[77409305],"node_id":["MDEwOlJlcG9zaXRvcnk3NzQwOTMwNQ=="],"name":["flask-ask"],"full_name":["pmbaumgartner/flask-ask"],"private":[false],"owner":{"login":["pmbaumgartner"],"id":[5107405],"node_id":["MDQ6VXNlcjUxMDc0MDU="],"avatar_url":["https://avatars1.githubusercontent.com/u/5107405?v=4"],"gravatar_id":[""],"url":["https://api.github.com/users/pmbaumgartner"],"html_url":["https://github.com/pmbaumgartner"],"followers_url":["https://api.github.com/users/pmbaumgartner/followers"],"following_url":["https://api.github.com/users/pmbaumgartner/following{/other_user}"],"gists_url":["https://api.github.com/users/pmbaumgartner/gists{/gist_id}"],"starred_url":["https://api.github.com/users/pmbaumgartner/starred{/owner}{/repo}"],"subscriptions_url":["https://api.github.com/users/pmbaumgartner/subscriptions"],"organizations_url":["https://api.github.com/users/pmbaumgartner/orgs"],"repos_url":["https://api.github.com/users/pmbaumgartner/repos"],"events_url":["https://api.github.com/users/pmbaumgartner/events{/privacy}"],"received_events_url":["https://api.github.com/users/pmbaumgartner/received_events"],"type":["User"],"site_admin":[false]},"html_url":["https://github.com/pmbaumgartner/flask-ask"],"description":["testing out flask-ask for programming with alexa"],"fork":[false],"url":["https://api.github.com/repos/pmbaumgartner/flask-ask"],"forks_url":["https://api.github.com/repos/pmbaumgartner/flask-ask/forks"],"keys_url":["https://api.github.com/repos/pmbaumgartner/flask-ask/keys{/key_id}"],"collaborators_url":["https://api.github.com/repos/pmbaumgartner/flask-ask/collaborators{/collaborator}"],"teams_url":["https://api.github.com/repos/pmbaumgartner/flask-ask/teams"],"hooks_url":["https://api.github.com/repos/pmbaumgartner/flask-ask/hooks"],"issue_events_url":["https://api.github.com/repos/pmbaumgartner/flask-ask/issues/events{/number}"],"events_url":["https://api.github.com/repos/pmbaumgartner/flask-ask/events"],"assignees_url":["https://api.github.com/repos/pmbaumgartner/flask-ask/assignees{/user}"],"branches_url":["https://api.github.com/repos/pmbaumgartner/flask-ask/branches{/branch}"],"tags_url":["https://api.github.com/repos/pmbaumgartner/flask-ask/tags"],"blobs_url":["https://api.github.com/repos/pmbaumgartner/flask-ask/git/blobs{/sha}"],"git_tags_url":["https://api.github.com/repos/pmbaumgartner/flask-ask/git/tags{/sha}"],"git_refs_url":["https://api.github.com/repos/pmbaumgartner/flask-ask/git/refs{/sha}"],"trees_url":["https://api.github.com/repos/pmbaumgartner/flask-ask/git/trees{/sha}"],"statuses_url":["https://api.github.com/repos/pmbaumgartner/flask-ask/statuses/{sha}"],"languages_url":["https://api.github.com/repos/pmbaumgartner/flask-ask/languages"],"stargazers_url":["https://api.github.com/repos/pmbaumgartner/flask-ask/stargazers"],"contributors_url":["https://api.github.com/repos/pmbaumgartner/flask-ask/contributors"],"subscribers_url":["https://api.github.com/repos/pmbaumgartner/flask-ask/subscribers"],"subscription_url":["https://api.github.com/repos/pmbaumgartner/flask-ask/subscription"],"commits_url":["https://api.github.com/repos/pmbaumgartner/flask-ask/commits{/sha}"],"git_commits_url":["https://api.github.com/repos/pmbaumgartner/flask-ask/git/commits{/sha}"],"comments_url":["https://api.github.com/repos/pmbaumgartner/flask-ask/comments{/number}"],"issue_comment_url":["https://api.github.com/repos/pmbaumgartner/flask-ask/issues/comments{/number}"],"contents_url":["https://api.github.com/repos/pmbaumgartner/flask-ask/contents/{+path}"],"compare_url":["https://api.github.com/repos/pmbaumgartner/flask-ask/compare/{base}...{head}"],"merges_url":["https://api.github.com/repos/pmbaumgartner/flask-ask/merges"],"archive_url":["https://api.github.com/repos/pmbaumgartner/flask-ask/{archive_format}{/ref}"],"downloads_url":["https://api.github.com/repos/pmbaumgartner/flask-ask/downloads"],"issues_url":["https://api.github.com/repos/pmbaumgartner/flask-ask/issues{/number}"],"pulls_url":["https://api.github.com/repos/pmbaumgartner/flask-ask/pulls{/number}"],"milestones_url":["https://api.github.com/repos/pmbaumgartner/flask-ask/milestones{/number}"],"notifications_url":["https://api.github.com/repos/pmbaumgartner/flask-ask/notifications{?since,all,participating}"],"labels_url":["https://api.github.com/repos/pmbaumgartner/flask-ask/labels{/name}"],"releases_url":["https://api.github.com/repos/pmbaumgartner/flask-ask/releases{/id}"],"deployments_url":["https://api.github.com/repos/pmbaumgartner/flask-ask/deployments"],"created_at":["2016-12-26T22:11:16Z"],"updated_at":["2017-07-25T12:50:35Z"],"pushed_at":["2016-12-27T18:30:20Z"],"git_url":["git://github.com/pmbaumgartner/flask-ask.git"],"ssh_url":["git@github.com:pmbaumgartner/flask-ask.git"],"clone_url":["https://github.com/pmbaumgartner/flask-ask.git"],"svn_url":["https://github.com/pmbaumgartner/flask-ask"],"homepage":{},"size":[5],"stargazers_count":[1],"watchers_count":[1],"language":["Python"],"has_issues":[true],"has_projects":[true],"has_downloads":[true],"has_wiki":[true],"has_pages":[false],"forks_count":[0],"mirror_url":{},"archived":[false],"disabled":[false],"open_issues_count":[0],"license":{},"forks":[0],"open_issues":[0],"watchers":[1],"default_branch":["master"],"permissions":{"admin":[false],"push":[false],"pull":[true]}}
