{"id":[57690626],"node_id":["MDEwOlJlcG9zaXRvcnk1NzY5MDYyNg=="],"name":["flask-cheat-sheet"],"full_name":["pmbaumgartner/flask-cheat-sheet"],"private":[false],"owner":{"login":["pmbaumgartner"],"id":[5107405],"node_id":["MDQ6VXNlcjUxMDc0MDU="],"avatar_url":["https://avatars1.githubusercontent.com/u/5107405?v=4"],"gravatar_id":[""],"url":["https://api.github.com/users/pmbaumgartner"],"html_url":["https://github.com/pmbaumgartner"],"followers_url":["https://api.github.com/users/pmbaumgartner/followers"],"following_url":["https://api.github.com/users/pmbaumgartner/following{/other_user}"],"gists_url":["https://api.github.com/users/pmbaumgartner/gists{/gist_id}"],"starred_url":["https://api.github.com/users/pmbaumgartner/starred{/owner}{/repo}"],"subscriptions_url":["https://api.github.com/users/pmbaumgartner/subscriptions"],"organizations_url":["https://api.github.com/users/pmbaumgartner/orgs"],"repos_url":["https://api.github.com/users/pmbaumgartner/repos"],"events_url":["https://api.github.com/users/pmbaumgartner/events{/privacy}"],"received_events_url":["https://api.github.com/users/pmbaumgartner/received_events"],"type":["User"],"site_admin":[false]},"html_url":["https://github.com/pmbaumgartner/flask-cheat-sheet"],"description":["Web version of the Flask Cheat Sheet"],"fork":[false],"url":["https://api.github.com/repos/pmbaumgartner/flask-cheat-sheet"],"forks_url":["https://api.github.com/repos/pmbaumgartner/flask-cheat-sheet/forks"],"keys_url":["https://api.github.com/repos/pmbaumgartner/flask-cheat-sheet/keys{/key_id}"],"collaborators_url":["https://api.github.com/repos/pmbaumgartner/flask-cheat-sheet/collaborators{/collaborator}"],"teams_url":["https://api.github.com/repos/pmbaumgartner/flask-cheat-sheet/teams"],"hooks_url":["https://api.github.com/repos/pmbaumgartner/flask-cheat-sheet/hooks"],"issue_events_url":["https://api.github.com/repos/pmbaumgartner/flask-cheat-sheet/issues/events{/number}"],"events_url":["https://api.github.com/repos/pmbaumgartner/flask-cheat-sheet/events"],"assignees_url":["https://api.github.com/repos/pmbaumgartner/flask-cheat-sheet/assignees{/user}"],"branches_url":["https://api.github.com/repos/pmbaumgartner/flask-cheat-sheet/branches{/branch}"],"tags_url":["https://api.github.com/repos/pmbaumgartner/flask-cheat-sheet/tags"],"blobs_url":["https://api.github.com/repos/pmbaumgartner/flask-cheat-sheet/git/blobs{/sha}"],"git_tags_url":["https://api.github.com/repos/pmbaumgartner/flask-cheat-sheet/git/tags{/sha}"],"git_refs_url":["https://api.github.com/repos/pmbaumgartner/flask-cheat-sheet/git/refs{/sha}"],"trees_url":["https://api.github.com/repos/pmbaumgartner/flask-cheat-sheet/git/trees{/sha}"],"statuses_url":["https://api.github.com/repos/pmbaumgartner/flask-cheat-sheet/statuses/{sha}"],"languages_url":["https://api.github.com/repos/pmbaumgartner/flask-cheat-sheet/languages"],"stargazers_url":["https://api.github.com/repos/pmbaumgartner/flask-cheat-sheet/stargazers"],"contributors_url":["https://api.github.com/repos/pmbaumgartner/flask-cheat-sheet/contributors"],"subscribers_url":["https://api.github.com/repos/pmbaumgartner/flask-cheat-sheet/subscribers"],"subscription_url":["https://api.github.com/repos/pmbaumgartner/flask-cheat-sheet/subscription"],"commits_url":["https://api.github.com/repos/pmbaumgartner/flask-cheat-sheet/commits{/sha}"],"git_commits_url":["https://api.github.com/repos/pmbaumgartner/flask-cheat-sheet/git/commits{/sha}"],"comments_url":["https://api.github.com/repos/pmbaumgartner/flask-cheat-sheet/comments{/number}"],"issue_comment_url":["https://api.github.com/repos/pmbaumgartner/flask-cheat-sheet/issues/comments{/number}"],"contents_url":["https://api.github.com/repos/pmbaumgartner/flask-cheat-sheet/contents/{+path}"],"compare_url":["https://api.github.com/repos/pmbaumgartner/flask-cheat-sheet/compare/{base}...{head}"],"merges_url":["https://api.github.com/repos/pmbaumgartner/flask-cheat-sheet/merges"],"archive_url":["https://api.github.com/repos/pmbaumgartner/flask-cheat-sheet/{archive_format}{/ref}"],"downloads_url":["https://api.github.com/repos/pmbaumgartner/flask-cheat-sheet/downloads"],"issues_url":["https://api.github.com/repos/pmbaumgartner/flask-cheat-sheet/issues{/number}"],"pulls_url":["https://api.github.com/repos/pmbaumgartner/flask-cheat-sheet/pulls{/number}"],"milestones_url":["https://api.github.com/repos/pmbaumgartner/flask-cheat-sheet/milestones{/number}"],"notifications_url":["https://api.github.com/repos/pmbaumgartner/flask-cheat-sheet/notifications{?since,all,participating}"],"labels_url":["https://api.github.com/repos/pmbaumgartner/flask-cheat-sheet/labels{/name}"],"releases_url":["https://api.github.com/repos/pmbaumgartner/flask-cheat-sheet/releases{/id}"],"deployments_url":["https://api.github.com/repos/pmbaumgartner/flask-cheat-sheet/deployments"],"created_at":["2016-05-01T17:29:27Z"],"updated_at":["2016-05-01T23:06:07Z"],"pushed_at":["2016-05-01T23:18:11Z"],"git_url":["git://github.com/pmbaumgartner/flask-cheat-sheet.git"],"ssh_url":["git@github.com:pmbaumgartner/flask-cheat-sheet.git"],"clone_url":["https://github.com/pmbaumgartner/flask-cheat-sheet.git"],"svn_url":["https://github.com/pmbaumgartner/flask-cheat-sheet"],"homepage":{},"size":[3],"stargazers_count":[0],"watchers_count":[0],"language":["HTML"],"has_issues":[true],"has_projects":[true],"has_downloads":[true],"has_wiki":[true],"has_pages":[false],"forks_count":[0],"mirror_url":{},"archived":[false],"disabled":[false],"open_issues_count":[0],"license":{},"forks":[0],"open_issues":[0],"watchers":[0],"default_branch":["master"],"permissions":{"admin":[false],"push":[false],"pull":[true]}}
