{"id":[139739594],"node_id":["MDEwOlJlcG9zaXRvcnkxMzk3Mzk1OTQ="],"name":["iaa-alumni-website"],"full_name":["pmbaumgartner/iaa-alumni-website"],"private":[false],"owner":{"login":["pmbaumgartner"],"id":[5107405],"node_id":["MDQ6VXNlcjUxMDc0MDU="],"avatar_url":["https://avatars1.githubusercontent.com/u/5107405?v=4"],"gravatar_id":[""],"url":["https://api.github.com/users/pmbaumgartner"],"html_url":["https://github.com/pmbaumgartner"],"followers_url":["https://api.github.com/users/pmbaumgartner/followers"],"following_url":["https://api.github.com/users/pmbaumgartner/following{/other_user}"],"gists_url":["https://api.github.com/users/pmbaumgartner/gists{/gist_id}"],"starred_url":["https://api.github.com/users/pmbaumgartner/starred{/owner}{/repo}"],"subscriptions_url":["https://api.github.com/users/pmbaumgartner/subscriptions"],"organizations_url":["https://api.github.com/users/pmbaumgartner/orgs"],"repos_url":["https://api.github.com/users/pmbaumgartner/repos"],"events_url":["https://api.github.com/users/pmbaumgartner/events{/privacy}"],"received_events_url":["https://api.github.com/users/pmbaumgartner/received_events"],"type":["User"],"site_admin":[false]},"html_url":["https://github.com/pmbaumgartner/iaa-alumni-website"],"description":{},"fork":[false],"url":["https://api.github.com/repos/pmbaumgartner/iaa-alumni-website"],"forks_url":["https://api.github.com/repos/pmbaumgartner/iaa-alumni-website/forks"],"keys_url":["https://api.github.com/repos/pmbaumgartner/iaa-alumni-website/keys{/key_id}"],"collaborators_url":["https://api.github.com/repos/pmbaumgartner/iaa-alumni-website/collaborators{/collaborator}"],"teams_url":["https://api.github.com/repos/pmbaumgartner/iaa-alumni-website/teams"],"hooks_url":["https://api.github.com/repos/pmbaumgartner/iaa-alumni-website/hooks"],"issue_events_url":["https://api.github.com/repos/pmbaumgartner/iaa-alumni-website/issues/events{/number}"],"events_url":["https://api.github.com/repos/pmbaumgartner/iaa-alumni-website/events"],"assignees_url":["https://api.github.com/repos/pmbaumgartner/iaa-alumni-website/assignees{/user}"],"branches_url":["https://api.github.com/repos/pmbaumgartner/iaa-alumni-website/branches{/branch}"],"tags_url":["https://api.github.com/repos/pmbaumgartner/iaa-alumni-website/tags"],"blobs_url":["https://api.github.com/repos/pmbaumgartner/iaa-alumni-website/git/blobs{/sha}"],"git_tags_url":["https://api.github.com/repos/pmbaumgartner/iaa-alumni-website/git/tags{/sha}"],"git_refs_url":["https://api.github.com/repos/pmbaumgartner/iaa-alumni-website/git/refs{/sha}"],"trees_url":["https://api.github.com/repos/pmbaumgartner/iaa-alumni-website/git/trees{/sha}"],"statuses_url":["https://api.github.com/repos/pmbaumgartner/iaa-alumni-website/statuses/{sha}"],"languages_url":["https://api.github.com/repos/pmbaumgartner/iaa-alumni-website/languages"],"stargazers_url":["https://api.github.com/repos/pmbaumgartner/iaa-alumni-website/stargazers"],"contributors_url":["https://api.github.com/repos/pmbaumgartner/iaa-alumni-website/contributors"],"subscribers_url":["https://api.github.com/repos/pmbaumgartner/iaa-alumni-website/subscribers"],"subscription_url":["https://api.github.com/repos/pmbaumgartner/iaa-alumni-website/subscription"],"commits_url":["https://api.github.com/repos/pmbaumgartner/iaa-alumni-website/commits{/sha}"],"git_commits_url":["https://api.github.com/repos/pmbaumgartner/iaa-alumni-website/git/commits{/sha}"],"comments_url":["https://api.github.com/repos/pmbaumgartner/iaa-alumni-website/comments{/number}"],"issue_comment_url":["https://api.github.com/repos/pmbaumgartner/iaa-alumni-website/issues/comments{/number}"],"contents_url":["https://api.github.com/repos/pmbaumgartner/iaa-alumni-website/contents/{+path}"],"compare_url":["https://api.github.com/repos/pmbaumgartner/iaa-alumni-website/compare/{base}...{head}"],"merges_url":["https://api.github.com/repos/pmbaumgartner/iaa-alumni-website/merges"],"archive_url":["https://api.github.com/repos/pmbaumgartner/iaa-alumni-website/{archive_format}{/ref}"],"downloads_url":["https://api.github.com/repos/pmbaumgartner/iaa-alumni-website/downloads"],"issues_url":["https://api.github.com/repos/pmbaumgartner/iaa-alumni-website/issues{/number}"],"pulls_url":["https://api.github.com/repos/pmbaumgartner/iaa-alumni-website/pulls{/number}"],"milestones_url":["https://api.github.com/repos/pmbaumgartner/iaa-alumni-website/milestones{/number}"],"notifications_url":["https://api.github.com/repos/pmbaumgartner/iaa-alumni-website/notifications{?since,all,participating}"],"labels_url":["https://api.github.com/repos/pmbaumgartner/iaa-alumni-website/labels{/name}"],"releases_url":["https://api.github.com/repos/pmbaumgartner/iaa-alumni-website/releases{/id}"],"deployments_url":["https://api.github.com/repos/pmbaumgartner/iaa-alumni-website/deployments"],"created_at":["2018-07-04T15:31:40Z"],"updated_at":["2018-08-22T23:07:39Z"],"pushed_at":["2018-08-22T23:07:38Z"],"git_url":["git://github.com/pmbaumgartner/iaa-alumni-website.git"],"ssh_url":["git@github.com:pmbaumgartner/iaa-alumni-website.git"],"clone_url":["https://github.com/pmbaumgartner/iaa-alumni-website.git"],"svn_url":["https://github.com/pmbaumgartner/iaa-alumni-website"],"homepage":{},"size":[12],"stargazers_count":[0],"watchers_count":[0],"language":["HTML"],"has_issues":[true],"has_projects":[true],"has_downloads":[true],"has_wiki":[true],"has_pages":[false],"forks_count":[0],"mirror_url":{},"archived":[false],"disabled":[false],"open_issues_count":[0],"license":{},"forks":[0],"open_issues":[0],"watchers":[0],"default_branch":["master"],"permissions":{"admin":[false],"push":[false],"pull":[true]}}
