{"id":[56440219],"node_id":["MDEwOlJlcG9zaXRvcnk1NjQ0MDIxOQ=="],"name":["kitchenpanda"],"full_name":["pmbaumgartner/kitchenpanda"],"private":[false],"owner":{"login":["pmbaumgartner"],"id":[5107405],"node_id":["MDQ6VXNlcjUxMDc0MDU="],"avatar_url":["https://avatars1.githubusercontent.com/u/5107405?v=4"],"gravatar_id":[""],"url":["https://api.github.com/users/pmbaumgartner"],"html_url":["https://github.com/pmbaumgartner"],"followers_url":["https://api.github.com/users/pmbaumgartner/followers"],"following_url":["https://api.github.com/users/pmbaumgartner/following{/other_user}"],"gists_url":["https://api.github.com/users/pmbaumgartner/gists{/gist_id}"],"starred_url":["https://api.github.com/users/pmbaumgartner/starred{/owner}{/repo}"],"subscriptions_url":["https://api.github.com/users/pmbaumgartner/subscriptions"],"organizations_url":["https://api.github.com/users/pmbaumgartner/orgs"],"repos_url":["https://api.github.com/users/pmbaumgartner/repos"],"events_url":["https://api.github.com/users/pmbaumgartner/events{/privacy}"],"received_events_url":["https://api.github.com/users/pmbaumgartner/received_events"],"type":["User"],"site_admin":[false]},"html_url":["https://github.com/pmbaumgartner/kitchenpanda"],"description":["kitchen panda app"],"fork":[false],"url":["https://api.github.com/repos/pmbaumgartner/kitchenpanda"],"forks_url":["https://api.github.com/repos/pmbaumgartner/kitchenpanda/forks"],"keys_url":["https://api.github.com/repos/pmbaumgartner/kitchenpanda/keys{/key_id}"],"collaborators_url":["https://api.github.com/repos/pmbaumgartner/kitchenpanda/collaborators{/collaborator}"],"teams_url":["https://api.github.com/repos/pmbaumgartner/kitchenpanda/teams"],"hooks_url":["https://api.github.com/repos/pmbaumgartner/kitchenpanda/hooks"],"issue_events_url":["https://api.github.com/repos/pmbaumgartner/kitchenpanda/issues/events{/number}"],"events_url":["https://api.github.com/repos/pmbaumgartner/kitchenpanda/events"],"assignees_url":["https://api.github.com/repos/pmbaumgartner/kitchenpanda/assignees{/user}"],"branches_url":["https://api.github.com/repos/pmbaumgartner/kitchenpanda/branches{/branch}"],"tags_url":["https://api.github.com/repos/pmbaumgartner/kitchenpanda/tags"],"blobs_url":["https://api.github.com/repos/pmbaumgartner/kitchenpanda/git/blobs{/sha}"],"git_tags_url":["https://api.github.com/repos/pmbaumgartner/kitchenpanda/git/tags{/sha}"],"git_refs_url":["https://api.github.com/repos/pmbaumgartner/kitchenpanda/git/refs{/sha}"],"trees_url":["https://api.github.com/repos/pmbaumgartner/kitchenpanda/git/trees{/sha}"],"statuses_url":["https://api.github.com/repos/pmbaumgartner/kitchenpanda/statuses/{sha}"],"languages_url":["https://api.github.com/repos/pmbaumgartner/kitchenpanda/languages"],"stargazers_url":["https://api.github.com/repos/pmbaumgartner/kitchenpanda/stargazers"],"contributors_url":["https://api.github.com/repos/pmbaumgartner/kitchenpanda/contributors"],"subscribers_url":["https://api.github.com/repos/pmbaumgartner/kitchenpanda/subscribers"],"subscription_url":["https://api.github.com/repos/pmbaumgartner/kitchenpanda/subscription"],"commits_url":["https://api.github.com/repos/pmbaumgartner/kitchenpanda/commits{/sha}"],"git_commits_url":["https://api.github.com/repos/pmbaumgartner/kitchenpanda/git/commits{/sha}"],"comments_url":["https://api.github.com/repos/pmbaumgartner/kitchenpanda/comments{/number}"],"issue_comment_url":["https://api.github.com/repos/pmbaumgartner/kitchenpanda/issues/comments{/number}"],"contents_url":["https://api.github.com/repos/pmbaumgartner/kitchenpanda/contents/{+path}"],"compare_url":["https://api.github.com/repos/pmbaumgartner/kitchenpanda/compare/{base}...{head}"],"merges_url":["https://api.github.com/repos/pmbaumgartner/kitchenpanda/merges"],"archive_url":["https://api.github.com/repos/pmbaumgartner/kitchenpanda/{archive_format}{/ref}"],"downloads_url":["https://api.github.com/repos/pmbaumgartner/kitchenpanda/downloads"],"issues_url":["https://api.github.com/repos/pmbaumgartner/kitchenpanda/issues{/number}"],"pulls_url":["https://api.github.com/repos/pmbaumgartner/kitchenpanda/pulls{/number}"],"milestones_url":["https://api.github.com/repos/pmbaumgartner/kitchenpanda/milestones{/number}"],"notifications_url":["https://api.github.com/repos/pmbaumgartner/kitchenpanda/notifications{?since,all,participating}"],"labels_url":["https://api.github.com/repos/pmbaumgartner/kitchenpanda/labels{/name}"],"releases_url":["https://api.github.com/repos/pmbaumgartner/kitchenpanda/releases{/id}"],"deployments_url":["https://api.github.com/repos/pmbaumgartner/kitchenpanda/deployments"],"created_at":["2016-04-17T14:18:59Z"],"updated_at":["2016-06-15T02:09:51Z"],"pushed_at":["2016-06-15T02:09:50Z"],"git_url":["git://github.com/pmbaumgartner/kitchenpanda.git"],"ssh_url":["git@github.com:pmbaumgartner/kitchenpanda.git"],"clone_url":["https://github.com/pmbaumgartner/kitchenpanda.git"],"svn_url":["https://github.com/pmbaumgartner/kitchenpanda"],"homepage":{},"size":[301],"stargazers_count":[0],"watchers_count":[0],"language":["HTML"],"has_issues":[true],"has_projects":[true],"has_downloads":[true],"has_wiki":[true],"has_pages":[false],"forks_count":[1],"mirror_url":{},"archived":[false],"disabled":[false],"open_issues_count":[0],"license":{},"forks":[1],"open_issues":[0],"watchers":[0],"default_branch":["master"],"permissions":{"admin":[false],"push":[false],"pull":[true]}}
