{"id":[173643719],"node_id":["MDEwOlJlcG9zaXRvcnkxNzM2NDM3MTk="],"name":["oatmeal"],"full_name":["pmbaumgartner/oatmeal"],"private":[false],"owner":{"login":["pmbaumgartner"],"id":[5107405],"node_id":["MDQ6VXNlcjUxMDc0MDU="],"avatar_url":["https://avatars1.githubusercontent.com/u/5107405?v=4"],"gravatar_id":[""],"url":["https://api.github.com/users/pmbaumgartner"],"html_url":["https://github.com/pmbaumgartner"],"followers_url":["https://api.github.com/users/pmbaumgartner/followers"],"following_url":["https://api.github.com/users/pmbaumgartner/following{/other_user}"],"gists_url":["https://api.github.com/users/pmbaumgartner/gists{/gist_id}"],"starred_url":["https://api.github.com/users/pmbaumgartner/starred{/owner}{/repo}"],"subscriptions_url":["https://api.github.com/users/pmbaumgartner/subscriptions"],"organizations_url":["https://api.github.com/users/pmbaumgartner/orgs"],"repos_url":["https://api.github.com/users/pmbaumgartner/repos"],"events_url":["https://api.github.com/users/pmbaumgartner/events{/privacy}"],"received_events_url":["https://api.github.com/users/pmbaumgartner/received_events"],"type":["User"],"site_admin":[false]},"html_url":["https://github.com/pmbaumgartner/oatmeal"],"description":{},"fork":[false],"url":["https://api.github.com/repos/pmbaumgartner/oatmeal"],"forks_url":["https://api.github.com/repos/pmbaumgartner/oatmeal/forks"],"keys_url":["https://api.github.com/repos/pmbaumgartner/oatmeal/keys{/key_id}"],"collaborators_url":["https://api.github.com/repos/pmbaumgartner/oatmeal/collaborators{/collaborator}"],"teams_url":["https://api.github.com/repos/pmbaumgartner/oatmeal/teams"],"hooks_url":["https://api.github.com/repos/pmbaumgartner/oatmeal/hooks"],"issue_events_url":["https://api.github.com/repos/pmbaumgartner/oatmeal/issues/events{/number}"],"events_url":["https://api.github.com/repos/pmbaumgartner/oatmeal/events"],"assignees_url":["https://api.github.com/repos/pmbaumgartner/oatmeal/assignees{/user}"],"branches_url":["https://api.github.com/repos/pmbaumgartner/oatmeal/branches{/branch}"],"tags_url":["https://api.github.com/repos/pmbaumgartner/oatmeal/tags"],"blobs_url":["https://api.github.com/repos/pmbaumgartner/oatmeal/git/blobs{/sha}"],"git_tags_url":["https://api.github.com/repos/pmbaumgartner/oatmeal/git/tags{/sha}"],"git_refs_url":["https://api.github.com/repos/pmbaumgartner/oatmeal/git/refs{/sha}"],"trees_url":["https://api.github.com/repos/pmbaumgartner/oatmeal/git/trees{/sha}"],"statuses_url":["https://api.github.com/repos/pmbaumgartner/oatmeal/statuses/{sha}"],"languages_url":["https://api.github.com/repos/pmbaumgartner/oatmeal/languages"],"stargazers_url":["https://api.github.com/repos/pmbaumgartner/oatmeal/stargazers"],"contributors_url":["https://api.github.com/repos/pmbaumgartner/oatmeal/contributors"],"subscribers_url":["https://api.github.com/repos/pmbaumgartner/oatmeal/subscribers"],"subscription_url":["https://api.github.com/repos/pmbaumgartner/oatmeal/subscription"],"commits_url":["https://api.github.com/repos/pmbaumgartner/oatmeal/commits{/sha}"],"git_commits_url":["https://api.github.com/repos/pmbaumgartner/oatmeal/git/commits{/sha}"],"comments_url":["https://api.github.com/repos/pmbaumgartner/oatmeal/comments{/number}"],"issue_comment_url":["https://api.github.com/repos/pmbaumgartner/oatmeal/issues/comments{/number}"],"contents_url":["https://api.github.com/repos/pmbaumgartner/oatmeal/contents/{+path}"],"compare_url":["https://api.github.com/repos/pmbaumgartner/oatmeal/compare/{base}...{head}"],"merges_url":["https://api.github.com/repos/pmbaumgartner/oatmeal/merges"],"archive_url":["https://api.github.com/repos/pmbaumgartner/oatmeal/{archive_format}{/ref}"],"downloads_url":["https://api.github.com/repos/pmbaumgartner/oatmeal/downloads"],"issues_url":["https://api.github.com/repos/pmbaumgartner/oatmeal/issues{/number}"],"pulls_url":["https://api.github.com/repos/pmbaumgartner/oatmeal/pulls{/number}"],"milestones_url":["https://api.github.com/repos/pmbaumgartner/oatmeal/milestones{/number}"],"notifications_url":["https://api.github.com/repos/pmbaumgartner/oatmeal/notifications{?since,all,participating}"],"labels_url":["https://api.github.com/repos/pmbaumgartner/oatmeal/labels{/name}"],"releases_url":["https://api.github.com/repos/pmbaumgartner/oatmeal/releases{/id}"],"deployments_url":["https://api.github.com/repos/pmbaumgartner/oatmeal/deployments"],"created_at":["2019-03-03T23:42:42Z"],"updated_at":["2019-04-03T18:56:29Z"],"pushed_at":["2019-03-19T21:39:32Z"],"git_url":["git://github.com/pmbaumgartner/oatmeal.git"],"ssh_url":["git@github.com:pmbaumgartner/oatmeal.git"],"clone_url":["https://github.com/pmbaumgartner/oatmeal.git"],"svn_url":["https://github.com/pmbaumgartner/oatmeal"],"homepage":{},"size":[63],"stargazers_count":[1],"watchers_count":[1],"language":["Python"],"has_issues":[true],"has_projects":[true],"has_downloads":[true],"has_wiki":[true],"has_pages":[false],"forks_count":[0],"mirror_url":{},"archived":[false],"disabled":[false],"open_issues_count":[0],"license":{"key":["other"],"name":["Other"],"spdx_id":["NOASSERTION"],"url":{},"node_id":["MDc6TGljZW5zZTA="]},"forks":[0],"open_issues":[0],"watchers":[1],"default_branch":["master"],"permissions":{"admin":[false],"push":[false],"pull":[true]}}
