{"id":[128668246],"node_id":["MDEwOlJlcG9zaXRvcnkxMjg2NjgyNDY="],"name":["personal-hugo-site"],"full_name":["pmbaumgartner/personal-hugo-site"],"private":[false],"owner":{"login":["pmbaumgartner"],"id":[5107405],"node_id":["MDQ6VXNlcjUxMDc0MDU="],"avatar_url":["https://avatars1.githubusercontent.com/u/5107405?v=4"],"gravatar_id":[""],"url":["https://api.github.com/users/pmbaumgartner"],"html_url":["https://github.com/pmbaumgartner"],"followers_url":["https://api.github.com/users/pmbaumgartner/followers"],"following_url":["https://api.github.com/users/pmbaumgartner/following{/other_user}"],"gists_url":["https://api.github.com/users/pmbaumgartner/gists{/gist_id}"],"starred_url":["https://api.github.com/users/pmbaumgartner/starred{/owner}{/repo}"],"subscriptions_url":["https://api.github.com/users/pmbaumgartner/subscriptions"],"organizations_url":["https://api.github.com/users/pmbaumgartner/orgs"],"repos_url":["https://api.github.com/users/pmbaumgartner/repos"],"events_url":["https://api.github.com/users/pmbaumgartner/events{/privacy}"],"received_events_url":["https://api.github.com/users/pmbaumgartner/received_events"],"type":["User"],"site_admin":[false]},"html_url":["https://github.com/pmbaumgartner/personal-hugo-site"],"description":["personal site built using hugo"],"fork":[false],"url":["https://api.github.com/repos/pmbaumgartner/personal-hugo-site"],"forks_url":["https://api.github.com/repos/pmbaumgartner/personal-hugo-site/forks"],"keys_url":["https://api.github.com/repos/pmbaumgartner/personal-hugo-site/keys{/key_id}"],"collaborators_url":["https://api.github.com/repos/pmbaumgartner/personal-hugo-site/collaborators{/collaborator}"],"teams_url":["https://api.github.com/repos/pmbaumgartner/personal-hugo-site/teams"],"hooks_url":["https://api.github.com/repos/pmbaumgartner/personal-hugo-site/hooks"],"issue_events_url":["https://api.github.com/repos/pmbaumgartner/personal-hugo-site/issues/events{/number}"],"events_url":["https://api.github.com/repos/pmbaumgartner/personal-hugo-site/events"],"assignees_url":["https://api.github.com/repos/pmbaumgartner/personal-hugo-site/assignees{/user}"],"branches_url":["https://api.github.com/repos/pmbaumgartner/personal-hugo-site/branches{/branch}"],"tags_url":["https://api.github.com/repos/pmbaumgartner/personal-hugo-site/tags"],"blobs_url":["https://api.github.com/repos/pmbaumgartner/personal-hugo-site/git/blobs{/sha}"],"git_tags_url":["https://api.github.com/repos/pmbaumgartner/personal-hugo-site/git/tags{/sha}"],"git_refs_url":["https://api.github.com/repos/pmbaumgartner/personal-hugo-site/git/refs{/sha}"],"trees_url":["https://api.github.com/repos/pmbaumgartner/personal-hugo-site/git/trees{/sha}"],"statuses_url":["https://api.github.com/repos/pmbaumgartner/personal-hugo-site/statuses/{sha}"],"languages_url":["https://api.github.com/repos/pmbaumgartner/personal-hugo-site/languages"],"stargazers_url":["https://api.github.com/repos/pmbaumgartner/personal-hugo-site/stargazers"],"contributors_url":["https://api.github.com/repos/pmbaumgartner/personal-hugo-site/contributors"],"subscribers_url":["https://api.github.com/repos/pmbaumgartner/personal-hugo-site/subscribers"],"subscription_url":["https://api.github.com/repos/pmbaumgartner/personal-hugo-site/subscription"],"commits_url":["https://api.github.com/repos/pmbaumgartner/personal-hugo-site/commits{/sha}"],"git_commits_url":["https://api.github.com/repos/pmbaumgartner/personal-hugo-site/git/commits{/sha}"],"comments_url":["https://api.github.com/repos/pmbaumgartner/personal-hugo-site/comments{/number}"],"issue_comment_url":["https://api.github.com/repos/pmbaumgartner/personal-hugo-site/issues/comments{/number}"],"contents_url":["https://api.github.com/repos/pmbaumgartner/personal-hugo-site/contents/{+path}"],"compare_url":["https://api.github.com/repos/pmbaumgartner/personal-hugo-site/compare/{base}...{head}"],"merges_url":["https://api.github.com/repos/pmbaumgartner/personal-hugo-site/merges"],"archive_url":["https://api.github.com/repos/pmbaumgartner/personal-hugo-site/{archive_format}{/ref}"],"downloads_url":["https://api.github.com/repos/pmbaumgartner/personal-hugo-site/downloads"],"issues_url":["https://api.github.com/repos/pmbaumgartner/personal-hugo-site/issues{/number}"],"pulls_url":["https://api.github.com/repos/pmbaumgartner/personal-hugo-site/pulls{/number}"],"milestones_url":["https://api.github.com/repos/pmbaumgartner/personal-hugo-site/milestones{/number}"],"notifications_url":["https://api.github.com/repos/pmbaumgartner/personal-hugo-site/notifications{?since,all,participating}"],"labels_url":["https://api.github.com/repos/pmbaumgartner/personal-hugo-site/labels{/name}"],"releases_url":["https://api.github.com/repos/pmbaumgartner/personal-hugo-site/releases{/id}"],"deployments_url":["https://api.github.com/repos/pmbaumgartner/personal-hugo-site/deployments"],"created_at":["2018-04-08T18:06:08Z"],"updated_at":["2019-03-23T18:21:48Z"],"pushed_at":["2019-03-23T18:21:47Z"],"git_url":["git://github.com/pmbaumgartner/personal-hugo-site.git"],"ssh_url":["git@github.com:pmbaumgartner/personal-hugo-site.git"],"clone_url":["https://github.com/pmbaumgartner/personal-hugo-site.git"],"svn_url":["https://github.com/pmbaumgartner/personal-hugo-site"],"homepage":{},"size":[4018],"stargazers_count":[0],"watchers_count":[0],"language":["CSS"],"has_issues":[true],"has_projects":[true],"has_downloads":[true],"has_wiki":[true],"has_pages":[true],"forks_count":[0],"mirror_url":{},"archived":[false],"disabled":[false],"open_issues_count":[0],"license":{},"forks":[0],"open_issues":[0],"watchers":[0],"default_branch":["master"],"permissions":{"admin":[false],"push":[false],"pull":[true]}}
