{"id":[86204785],"node_id":["MDEwOlJlcG9zaXRvcnk4NjIwNDc4NQ=="],"name":["personal-pelican-site"],"full_name":["pmbaumgartner/personal-pelican-site"],"private":[false],"owner":{"login":["pmbaumgartner"],"id":[5107405],"node_id":["MDQ6VXNlcjUxMDc0MDU="],"avatar_url":["https://avatars1.githubusercontent.com/u/5107405?v=4"],"gravatar_id":[""],"url":["https://api.github.com/users/pmbaumgartner"],"html_url":["https://github.com/pmbaumgartner"],"followers_url":["https://api.github.com/users/pmbaumgartner/followers"],"following_url":["https://api.github.com/users/pmbaumgartner/following{/other_user}"],"gists_url":["https://api.github.com/users/pmbaumgartner/gists{/gist_id}"],"starred_url":["https://api.github.com/users/pmbaumgartner/starred{/owner}{/repo}"],"subscriptions_url":["https://api.github.com/users/pmbaumgartner/subscriptions"],"organizations_url":["https://api.github.com/users/pmbaumgartner/orgs"],"repos_url":["https://api.github.com/users/pmbaumgartner/repos"],"events_url":["https://api.github.com/users/pmbaumgartner/events{/privacy}"],"received_events_url":["https://api.github.com/users/pmbaumgartner/received_events"],"type":["User"],"site_admin":[false]},"html_url":["https://github.com/pmbaumgartner/personal-pelican-site"],"description":{},"fork":[false],"url":["https://api.github.com/repos/pmbaumgartner/personal-pelican-site"],"forks_url":["https://api.github.com/repos/pmbaumgartner/personal-pelican-site/forks"],"keys_url":["https://api.github.com/repos/pmbaumgartner/personal-pelican-site/keys{/key_id}"],"collaborators_url":["https://api.github.com/repos/pmbaumgartner/personal-pelican-site/collaborators{/collaborator}"],"teams_url":["https://api.github.com/repos/pmbaumgartner/personal-pelican-site/teams"],"hooks_url":["https://api.github.com/repos/pmbaumgartner/personal-pelican-site/hooks"],"issue_events_url":["https://api.github.com/repos/pmbaumgartner/personal-pelican-site/issues/events{/number}"],"events_url":["https://api.github.com/repos/pmbaumgartner/personal-pelican-site/events"],"assignees_url":["https://api.github.com/repos/pmbaumgartner/personal-pelican-site/assignees{/user}"],"branches_url":["https://api.github.com/repos/pmbaumgartner/personal-pelican-site/branches{/branch}"],"tags_url":["https://api.github.com/repos/pmbaumgartner/personal-pelican-site/tags"],"blobs_url":["https://api.github.com/repos/pmbaumgartner/personal-pelican-site/git/blobs{/sha}"],"git_tags_url":["https://api.github.com/repos/pmbaumgartner/personal-pelican-site/git/tags{/sha}"],"git_refs_url":["https://api.github.com/repos/pmbaumgartner/personal-pelican-site/git/refs{/sha}"],"trees_url":["https://api.github.com/repos/pmbaumgartner/personal-pelican-site/git/trees{/sha}"],"statuses_url":["https://api.github.com/repos/pmbaumgartner/personal-pelican-site/statuses/{sha}"],"languages_url":["https://api.github.com/repos/pmbaumgartner/personal-pelican-site/languages"],"stargazers_url":["https://api.github.com/repos/pmbaumgartner/personal-pelican-site/stargazers"],"contributors_url":["https://api.github.com/repos/pmbaumgartner/personal-pelican-site/contributors"],"subscribers_url":["https://api.github.com/repos/pmbaumgartner/personal-pelican-site/subscribers"],"subscription_url":["https://api.github.com/repos/pmbaumgartner/personal-pelican-site/subscription"],"commits_url":["https://api.github.com/repos/pmbaumgartner/personal-pelican-site/commits{/sha}"],"git_commits_url":["https://api.github.com/repos/pmbaumgartner/personal-pelican-site/git/commits{/sha}"],"comments_url":["https://api.github.com/repos/pmbaumgartner/personal-pelican-site/comments{/number}"],"issue_comment_url":["https://api.github.com/repos/pmbaumgartner/personal-pelican-site/issues/comments{/number}"],"contents_url":["https://api.github.com/repos/pmbaumgartner/personal-pelican-site/contents/{+path}"],"compare_url":["https://api.github.com/repos/pmbaumgartner/personal-pelican-site/compare/{base}...{head}"],"merges_url":["https://api.github.com/repos/pmbaumgartner/personal-pelican-site/merges"],"archive_url":["https://api.github.com/repos/pmbaumgartner/personal-pelican-site/{archive_format}{/ref}"],"downloads_url":["https://api.github.com/repos/pmbaumgartner/personal-pelican-site/downloads"],"issues_url":["https://api.github.com/repos/pmbaumgartner/personal-pelican-site/issues{/number}"],"pulls_url":["https://api.github.com/repos/pmbaumgartner/personal-pelican-site/pulls{/number}"],"milestones_url":["https://api.github.com/repos/pmbaumgartner/personal-pelican-site/milestones{/number}"],"notifications_url":["https://api.github.com/repos/pmbaumgartner/personal-pelican-site/notifications{?since,all,participating}"],"labels_url":["https://api.github.com/repos/pmbaumgartner/personal-pelican-site/labels{/name}"],"releases_url":["https://api.github.com/repos/pmbaumgartner/personal-pelican-site/releases{/id}"],"deployments_url":["https://api.github.com/repos/pmbaumgartner/personal-pelican-site/deployments"],"created_at":["2017-03-26T03:31:03Z"],"updated_at":["2017-03-26T05:03:51Z"],"pushed_at":["2017-06-18T18:33:41Z"],"git_url":["git://github.com/pmbaumgartner/personal-pelican-site.git"],"ssh_url":["git@github.com:pmbaumgartner/personal-pelican-site.git"],"clone_url":["https://github.com/pmbaumgartner/personal-pelican-site.git"],"svn_url":["https://github.com/pmbaumgartner/personal-pelican-site"],"homepage":{},"size":[4837],"stargazers_count":[0],"watchers_count":[0],"language":["Jupyter Notebook"],"has_issues":[true],"has_projects":[true],"has_downloads":[true],"has_wiki":[true],"has_pages":[false],"forks_count":[0],"mirror_url":{},"archived":[false],"disabled":[false],"open_issues_count":[0],"license":{},"forks":[0],"open_issues":[0],"watchers":[0],"default_branch":["master"],"permissions":{"admin":[false],"push":[false],"pull":[true]}}
