{"id":[170050955],"node_id":["MDEwOlJlcG9zaXRvcnkxNzAwNTA5NTU="],"name":["pytorch-bert-image"],"full_name":["pmbaumgartner/pytorch-bert-image"],"private":[false],"owner":{"login":["pmbaumgartner"],"id":[5107405],"node_id":["MDQ6VXNlcjUxMDc0MDU="],"avatar_url":["https://avatars1.githubusercontent.com/u/5107405?v=4"],"gravatar_id":[""],"url":["https://api.github.com/users/pmbaumgartner"],"html_url":["https://github.com/pmbaumgartner"],"followers_url":["https://api.github.com/users/pmbaumgartner/followers"],"following_url":["https://api.github.com/users/pmbaumgartner/following{/other_user}"],"gists_url":["https://api.github.com/users/pmbaumgartner/gists{/gist_id}"],"starred_url":["https://api.github.com/users/pmbaumgartner/starred{/owner}{/repo}"],"subscriptions_url":["https://api.github.com/users/pmbaumgartner/subscriptions"],"organizations_url":["https://api.github.com/users/pmbaumgartner/orgs"],"repos_url":["https://api.github.com/users/pmbaumgartner/repos"],"events_url":["https://api.github.com/users/pmbaumgartner/events{/privacy}"],"received_events_url":["https://api.github.com/users/pmbaumgartner/received_events"],"type":["User"],"site_admin":[false]},"html_url":["https://github.com/pmbaumgartner/pytorch-bert-image"],"description":["images to use with the pretrained BERT Pytorch repo"],"fork":[false],"url":["https://api.github.com/repos/pmbaumgartner/pytorch-bert-image"],"forks_url":["https://api.github.com/repos/pmbaumgartner/pytorch-bert-image/forks"],"keys_url":["https://api.github.com/repos/pmbaumgartner/pytorch-bert-image/keys{/key_id}"],"collaborators_url":["https://api.github.com/repos/pmbaumgartner/pytorch-bert-image/collaborators{/collaborator}"],"teams_url":["https://api.github.com/repos/pmbaumgartner/pytorch-bert-image/teams"],"hooks_url":["https://api.github.com/repos/pmbaumgartner/pytorch-bert-image/hooks"],"issue_events_url":["https://api.github.com/repos/pmbaumgartner/pytorch-bert-image/issues/events{/number}"],"events_url":["https://api.github.com/repos/pmbaumgartner/pytorch-bert-image/events"],"assignees_url":["https://api.github.com/repos/pmbaumgartner/pytorch-bert-image/assignees{/user}"],"branches_url":["https://api.github.com/repos/pmbaumgartner/pytorch-bert-image/branches{/branch}"],"tags_url":["https://api.github.com/repos/pmbaumgartner/pytorch-bert-image/tags"],"blobs_url":["https://api.github.com/repos/pmbaumgartner/pytorch-bert-image/git/blobs{/sha}"],"git_tags_url":["https://api.github.com/repos/pmbaumgartner/pytorch-bert-image/git/tags{/sha}"],"git_refs_url":["https://api.github.com/repos/pmbaumgartner/pytorch-bert-image/git/refs{/sha}"],"trees_url":["https://api.github.com/repos/pmbaumgartner/pytorch-bert-image/git/trees{/sha}"],"statuses_url":["https://api.github.com/repos/pmbaumgartner/pytorch-bert-image/statuses/{sha}"],"languages_url":["https://api.github.com/repos/pmbaumgartner/pytorch-bert-image/languages"],"stargazers_url":["https://api.github.com/repos/pmbaumgartner/pytorch-bert-image/stargazers"],"contributors_url":["https://api.github.com/repos/pmbaumgartner/pytorch-bert-image/contributors"],"subscribers_url":["https://api.github.com/repos/pmbaumgartner/pytorch-bert-image/subscribers"],"subscription_url":["https://api.github.com/repos/pmbaumgartner/pytorch-bert-image/subscription"],"commits_url":["https://api.github.com/repos/pmbaumgartner/pytorch-bert-image/commits{/sha}"],"git_commits_url":["https://api.github.com/repos/pmbaumgartner/pytorch-bert-image/git/commits{/sha}"],"comments_url":["https://api.github.com/repos/pmbaumgartner/pytorch-bert-image/comments{/number}"],"issue_comment_url":["https://api.github.com/repos/pmbaumgartner/pytorch-bert-image/issues/comments{/number}"],"contents_url":["https://api.github.com/repos/pmbaumgartner/pytorch-bert-image/contents/{+path}"],"compare_url":["https://api.github.com/repos/pmbaumgartner/pytorch-bert-image/compare/{base}...{head}"],"merges_url":["https://api.github.com/repos/pmbaumgartner/pytorch-bert-image/merges"],"archive_url":["https://api.github.com/repos/pmbaumgartner/pytorch-bert-image/{archive_format}{/ref}"],"downloads_url":["https://api.github.com/repos/pmbaumgartner/pytorch-bert-image/downloads"],"issues_url":["https://api.github.com/repos/pmbaumgartner/pytorch-bert-image/issues{/number}"],"pulls_url":["https://api.github.com/repos/pmbaumgartner/pytorch-bert-image/pulls{/number}"],"milestones_url":["https://api.github.com/repos/pmbaumgartner/pytorch-bert-image/milestones{/number}"],"notifications_url":["https://api.github.com/repos/pmbaumgartner/pytorch-bert-image/notifications{?since,all,participating}"],"labels_url":["https://api.github.com/repos/pmbaumgartner/pytorch-bert-image/labels{/name}"],"releases_url":["https://api.github.com/repos/pmbaumgartner/pytorch-bert-image/releases{/id}"],"deployments_url":["https://api.github.com/repos/pmbaumgartner/pytorch-bert-image/deployments"],"created_at":["2019-02-11T01:51:38Z"],"updated_at":["2019-03-14T21:19:57Z"],"pushed_at":["2019-03-14T21:19:56Z"],"git_url":["git://github.com/pmbaumgartner/pytorch-bert-image.git"],"ssh_url":["git@github.com:pmbaumgartner/pytorch-bert-image.git"],"clone_url":["https://github.com/pmbaumgartner/pytorch-bert-image.git"],"svn_url":["https://github.com/pmbaumgartner/pytorch-bert-image"],"homepage":{},"size":[10],"stargazers_count":[0],"watchers_count":[0],"language":{},"has_issues":[true],"has_projects":[true],"has_downloads":[true],"has_wiki":[true],"has_pages":[false],"forks_count":[0],"mirror_url":{},"archived":[false],"disabled":[false],"open_issues_count":[0],"license":{},"forks":[0],"open_issues":[0],"watchers":[0],"default_branch":["master"],"permissions":{"admin":[false],"push":[false],"pull":[true]}}
