{"id":[48492939],"node_id":["MDEwOlJlcG9zaXRvcnk0ODQ5MjkzOQ=="],"name":["RAKE"],"full_name":["pmbaumgartner/RAKE"],"private":[false],"owner":{"login":["pmbaumgartner"],"id":[5107405],"node_id":["MDQ6VXNlcjUxMDc0MDU="],"avatar_url":["https://avatars1.githubusercontent.com/u/5107405?v=4"],"gravatar_id":[""],"url":["https://api.github.com/users/pmbaumgartner"],"html_url":["https://github.com/pmbaumgartner"],"followers_url":["https://api.github.com/users/pmbaumgartner/followers"],"following_url":["https://api.github.com/users/pmbaumgartner/following{/other_user}"],"gists_url":["https://api.github.com/users/pmbaumgartner/gists{/gist_id}"],"starred_url":["https://api.github.com/users/pmbaumgartner/starred{/owner}{/repo}"],"subscriptions_url":["https://api.github.com/users/pmbaumgartner/subscriptions"],"organizations_url":["https://api.github.com/users/pmbaumgartner/orgs"],"repos_url":["https://api.github.com/users/pmbaumgartner/repos"],"events_url":["https://api.github.com/users/pmbaumgartner/events{/privacy}"],"received_events_url":["https://api.github.com/users/pmbaumgartner/received_events"],"type":["User"],"site_admin":[false]},"html_url":["https://github.com/pmbaumgartner/RAKE"],"description":["A python implementation of the Rapid Automatic Keyword Extraction"],"fork":[true],"url":["https://api.github.com/repos/pmbaumgartner/RAKE"],"forks_url":["https://api.github.com/repos/pmbaumgartner/RAKE/forks"],"keys_url":["https://api.github.com/repos/pmbaumgartner/RAKE/keys{/key_id}"],"collaborators_url":["https://api.github.com/repos/pmbaumgartner/RAKE/collaborators{/collaborator}"],"teams_url":["https://api.github.com/repos/pmbaumgartner/RAKE/teams"],"hooks_url":["https://api.github.com/repos/pmbaumgartner/RAKE/hooks"],"issue_events_url":["https://api.github.com/repos/pmbaumgartner/RAKE/issues/events{/number}"],"events_url":["https://api.github.com/repos/pmbaumgartner/RAKE/events"],"assignees_url":["https://api.github.com/repos/pmbaumgartner/RAKE/assignees{/user}"],"branches_url":["https://api.github.com/repos/pmbaumgartner/RAKE/branches{/branch}"],"tags_url":["https://api.github.com/repos/pmbaumgartner/RAKE/tags"],"blobs_url":["https://api.github.com/repos/pmbaumgartner/RAKE/git/blobs{/sha}"],"git_tags_url":["https://api.github.com/repos/pmbaumgartner/RAKE/git/tags{/sha}"],"git_refs_url":["https://api.github.com/repos/pmbaumgartner/RAKE/git/refs{/sha}"],"trees_url":["https://api.github.com/repos/pmbaumgartner/RAKE/git/trees{/sha}"],"statuses_url":["https://api.github.com/repos/pmbaumgartner/RAKE/statuses/{sha}"],"languages_url":["https://api.github.com/repos/pmbaumgartner/RAKE/languages"],"stargazers_url":["https://api.github.com/repos/pmbaumgartner/RAKE/stargazers"],"contributors_url":["https://api.github.com/repos/pmbaumgartner/RAKE/contributors"],"subscribers_url":["https://api.github.com/repos/pmbaumgartner/RAKE/subscribers"],"subscription_url":["https://api.github.com/repos/pmbaumgartner/RAKE/subscription"],"commits_url":["https://api.github.com/repos/pmbaumgartner/RAKE/commits{/sha}"],"git_commits_url":["https://api.github.com/repos/pmbaumgartner/RAKE/git/commits{/sha}"],"comments_url":["https://api.github.com/repos/pmbaumgartner/RAKE/comments{/number}"],"issue_comment_url":["https://api.github.com/repos/pmbaumgartner/RAKE/issues/comments{/number}"],"contents_url":["https://api.github.com/repos/pmbaumgartner/RAKE/contents/{+path}"],"compare_url":["https://api.github.com/repos/pmbaumgartner/RAKE/compare/{base}...{head}"],"merges_url":["https://api.github.com/repos/pmbaumgartner/RAKE/merges"],"archive_url":["https://api.github.com/repos/pmbaumgartner/RAKE/{archive_format}{/ref}"],"downloads_url":["https://api.github.com/repos/pmbaumgartner/RAKE/downloads"],"issues_url":["https://api.github.com/repos/pmbaumgartner/RAKE/issues{/number}"],"pulls_url":["https://api.github.com/repos/pmbaumgartner/RAKE/pulls{/number}"],"milestones_url":["https://api.github.com/repos/pmbaumgartner/RAKE/milestones{/number}"],"notifications_url":["https://api.github.com/repos/pmbaumgartner/RAKE/notifications{?since,all,participating}"],"labels_url":["https://api.github.com/repos/pmbaumgartner/RAKE/labels{/name}"],"releases_url":["https://api.github.com/repos/pmbaumgartner/RAKE/releases{/id}"],"deployments_url":["https://api.github.com/repos/pmbaumgartner/RAKE/deployments"],"created_at":["2015-12-23T13:54:11Z"],"updated_at":["2017-11-02T16:33:19Z"],"pushed_at":["2016-05-21T13:45:49Z"],"git_url":["git://github.com/pmbaumgartner/RAKE.git"],"ssh_url":["git@github.com:pmbaumgartner/RAKE.git"],"clone_url":["https://github.com/pmbaumgartner/RAKE.git"],"svn_url":["https://github.com/pmbaumgartner/RAKE"],"homepage":{},"size":[50],"stargazers_count":[6],"watchers_count":[6],"language":["Python"],"has_issues":[false],"has_projects":[true],"has_downloads":[true],"has_wiki":[true],"has_pages":[false],"forks_count":[2],"mirror_url":{},"archived":[false],"disabled":[false],"open_issues_count":[0],"license":{"key":["mit"],"name":["MIT License"],"spdx_id":["MIT"],"url":["https://api.github.com/licenses/mit"],"node_id":["MDc6TGljZW5zZTEz"]},"forks":[2],"open_issues":[0],"watchers":[6],"default_branch":["master"],"permissions":{"admin":[false],"push":[false],"pull":[true]}}
