{"id":[88451707],"node_id":["MDEwOlJlcG9zaXRvcnk4ODQ1MTcwNw=="],"name":["Statistical-Rethinking-with-Python-and-PyMC3"],"full_name":["pmbaumgartner/Statistical-Rethinking-with-Python-and-PyMC3"],"private":[false],"owner":{"login":["pmbaumgartner"],"id":[5107405],"node_id":["MDQ6VXNlcjUxMDc0MDU="],"avatar_url":["https://avatars1.githubusercontent.com/u/5107405?v=4"],"gravatar_id":[""],"url":["https://api.github.com/users/pmbaumgartner"],"html_url":["https://github.com/pmbaumgartner"],"followers_url":["https://api.github.com/users/pmbaumgartner/followers"],"following_url":["https://api.github.com/users/pmbaumgartner/following{/other_user}"],"gists_url":["https://api.github.com/users/pmbaumgartner/gists{/gist_id}"],"starred_url":["https://api.github.com/users/pmbaumgartner/starred{/owner}{/repo}"],"subscriptions_url":["https://api.github.com/users/pmbaumgartner/subscriptions"],"organizations_url":["https://api.github.com/users/pmbaumgartner/orgs"],"repos_url":["https://api.github.com/users/pmbaumgartner/repos"],"events_url":["https://api.github.com/users/pmbaumgartner/events{/privacy}"],"received_events_url":["https://api.github.com/users/pmbaumgartner/received_events"],"type":["User"],"site_admin":[false]},"html_url":["https://github.com/pmbaumgartner/Statistical-Rethinking-with-Python-and-PyMC3"],"description":["Python/PyMC3 port of the examples in \" Statistical Rethinking A Bayesian Course with Examples in R and Stan\" by Richard McElreath"],"fork":[true],"url":["https://api.github.com/repos/pmbaumgartner/Statistical-Rethinking-with-Python-and-PyMC3"],"forks_url":["https://api.github.com/repos/pmbaumgartner/Statistical-Rethinking-with-Python-and-PyMC3/forks"],"keys_url":["https://api.github.com/repos/pmbaumgartner/Statistical-Rethinking-with-Python-and-PyMC3/keys{/key_id}"],"collaborators_url":["https://api.github.com/repos/pmbaumgartner/Statistical-Rethinking-with-Python-and-PyMC3/collaborators{/collaborator}"],"teams_url":["https://api.github.com/repos/pmbaumgartner/Statistical-Rethinking-with-Python-and-PyMC3/teams"],"hooks_url":["https://api.github.com/repos/pmbaumgartner/Statistical-Rethinking-with-Python-and-PyMC3/hooks"],"issue_events_url":["https://api.github.com/repos/pmbaumgartner/Statistical-Rethinking-with-Python-and-PyMC3/issues/events{/number}"],"events_url":["https://api.github.com/repos/pmbaumgartner/Statistical-Rethinking-with-Python-and-PyMC3/events"],"assignees_url":["https://api.github.com/repos/pmbaumgartner/Statistical-Rethinking-with-Python-and-PyMC3/assignees{/user}"],"branches_url":["https://api.github.com/repos/pmbaumgartner/Statistical-Rethinking-with-Python-and-PyMC3/branches{/branch}"],"tags_url":["https://api.github.com/repos/pmbaumgartner/Statistical-Rethinking-with-Python-and-PyMC3/tags"],"blobs_url":["https://api.github.com/repos/pmbaumgartner/Statistical-Rethinking-with-Python-and-PyMC3/git/blobs{/sha}"],"git_tags_url":["https://api.github.com/repos/pmbaumgartner/Statistical-Rethinking-with-Python-and-PyMC3/git/tags{/sha}"],"git_refs_url":["https://api.github.com/repos/pmbaumgartner/Statistical-Rethinking-with-Python-and-PyMC3/git/refs{/sha}"],"trees_url":["https://api.github.com/repos/pmbaumgartner/Statistical-Rethinking-with-Python-and-PyMC3/git/trees{/sha}"],"statuses_url":["https://api.github.com/repos/pmbaumgartner/Statistical-Rethinking-with-Python-and-PyMC3/statuses/{sha}"],"languages_url":["https://api.github.com/repos/pmbaumgartner/Statistical-Rethinking-with-Python-and-PyMC3/languages"],"stargazers_url":["https://api.github.com/repos/pmbaumgartner/Statistical-Rethinking-with-Python-and-PyMC3/stargazers"],"contributors_url":["https://api.github.com/repos/pmbaumgartner/Statistical-Rethinking-with-Python-and-PyMC3/contributors"],"subscribers_url":["https://api.github.com/repos/pmbaumgartner/Statistical-Rethinking-with-Python-and-PyMC3/subscribers"],"subscription_url":["https://api.github.com/repos/pmbaumgartner/Statistical-Rethinking-with-Python-and-PyMC3/subscription"],"commits_url":["https://api.github.com/repos/pmbaumgartner/Statistical-Rethinking-with-Python-and-PyMC3/commits{/sha}"],"git_commits_url":["https://api.github.com/repos/pmbaumgartner/Statistical-Rethinking-with-Python-and-PyMC3/git/commits{/sha}"],"comments_url":["https://api.github.com/repos/pmbaumgartner/Statistical-Rethinking-with-Python-and-PyMC3/comments{/number}"],"issue_comment_url":["https://api.github.com/repos/pmbaumgartner/Statistical-Rethinking-with-Python-and-PyMC3/issues/comments{/number}"],"contents_url":["https://api.github.com/repos/pmbaumgartner/Statistical-Rethinking-with-Python-and-PyMC3/contents/{+path}"],"compare_url":["https://api.github.com/repos/pmbaumgartner/Statistical-Rethinking-with-Python-and-PyMC3/compare/{base}...{head}"],"merges_url":["https://api.github.com/repos/pmbaumgartner/Statistical-Rethinking-with-Python-and-PyMC3/merges"],"archive_url":["https://api.github.com/repos/pmbaumgartner/Statistical-Rethinking-with-Python-and-PyMC3/{archive_format}{/ref}"],"downloads_url":["https://api.github.com/repos/pmbaumgartner/Statistical-Rethinking-with-Python-and-PyMC3/downloads"],"issues_url":["https://api.github.com/repos/pmbaumgartner/Statistical-Rethinking-with-Python-and-PyMC3/issues{/number}"],"pulls_url":["https://api.github.com/repos/pmbaumgartner/Statistical-Rethinking-with-Python-and-PyMC3/pulls{/number}"],"milestones_url":["https://api.github.com/repos/pmbaumgartner/Statistical-Rethinking-with-Python-and-PyMC3/milestones{/number}"],"notifications_url":["https://api.github.com/repos/pmbaumgartner/Statistical-Rethinking-with-Python-and-PyMC3/notifications{?since,all,participating}"],"labels_url":["https://api.github.com/repos/pmbaumgartner/Statistical-Rethinking-with-Python-and-PyMC3/labels{/name}"],"releases_url":["https://api.github.com/repos/pmbaumgartner/Statistical-Rethinking-with-Python-and-PyMC3/releases{/id}"],"deployments_url":["https://api.github.com/repos/pmbaumgartner/Statistical-Rethinking-with-Python-and-PyMC3/deployments"],"created_at":["2017-04-17T00:29:27Z"],"updated_at":["2017-04-17T00:29:29Z"],"pushed_at":["2017-04-17T00:32:45Z"],"git_url":["git://github.com/pmbaumgartner/Statistical-Rethinking-with-Python-and-PyMC3.git"],"ssh_url":["git@github.com:pmbaumgartner/Statistical-Rethinking-with-Python-and-PyMC3.git"],"clone_url":["https://github.com/pmbaumgartner/Statistical-Rethinking-with-Python-and-PyMC3.git"],"svn_url":["https://github.com/pmbaumgartner/Statistical-Rethinking-with-Python-and-PyMC3"],"homepage":[""],"size":[13385],"stargazers_count":[0],"watchers_count":[0],"language":["Jupyter Notebook"],"has_issues":[false],"has_projects":[true],"has_downloads":[true],"has_wiki":[true],"has_pages":[false],"forks_count":[0],"mirror_url":{},"archived":[false],"disabled":[false],"open_issues_count":[0],"license":{},"forks":[0],"open_issues":[0],"watchers":[0],"default_branch":["master"],"permissions":{"admin":[false],"push":[false],"pull":[true]}}
