{"id":[161656698],"node_id":["MDEwOlJlcG9zaXRvcnkxNjE2NTY2OTg="],"name":["Syntax"],"full_name":["pmbaumgartner/Syntax"],"private":[false],"owner":{"login":["pmbaumgartner"],"id":[5107405],"node_id":["MDQ6VXNlcjUxMDc0MDU="],"avatar_url":["https://avatars1.githubusercontent.com/u/5107405?v=4"],"gravatar_id":[""],"url":["https://api.github.com/users/pmbaumgartner"],"html_url":["https://github.com/pmbaumgartner"],"followers_url":["https://api.github.com/users/pmbaumgartner/followers"],"following_url":["https://api.github.com/users/pmbaumgartner/following{/other_user}"],"gists_url":["https://api.github.com/users/pmbaumgartner/gists{/gist_id}"],"starred_url":["https://api.github.com/users/pmbaumgartner/starred{/owner}{/repo}"],"subscriptions_url":["https://api.github.com/users/pmbaumgartner/subscriptions"],"organizations_url":["https://api.github.com/users/pmbaumgartner/orgs"],"repos_url":["https://api.github.com/users/pmbaumgartner/repos"],"events_url":["https://api.github.com/users/pmbaumgartner/events{/privacy}"],"received_events_url":["https://api.github.com/users/pmbaumgartner/received_events"],"type":["User"],"site_admin":[false]},"html_url":["https://github.com/pmbaumgartner/Syntax"],"description":["A website for the Syntax Podcast"],"fork":[true],"url":["https://api.github.com/repos/pmbaumgartner/Syntax"],"forks_url":["https://api.github.com/repos/pmbaumgartner/Syntax/forks"],"keys_url":["https://api.github.com/repos/pmbaumgartner/Syntax/keys{/key_id}"],"collaborators_url":["https://api.github.com/repos/pmbaumgartner/Syntax/collaborators{/collaborator}"],"teams_url":["https://api.github.com/repos/pmbaumgartner/Syntax/teams"],"hooks_url":["https://api.github.com/repos/pmbaumgartner/Syntax/hooks"],"issue_events_url":["https://api.github.com/repos/pmbaumgartner/Syntax/issues/events{/number}"],"events_url":["https://api.github.com/repos/pmbaumgartner/Syntax/events"],"assignees_url":["https://api.github.com/repos/pmbaumgartner/Syntax/assignees{/user}"],"branches_url":["https://api.github.com/repos/pmbaumgartner/Syntax/branches{/branch}"],"tags_url":["https://api.github.com/repos/pmbaumgartner/Syntax/tags"],"blobs_url":["https://api.github.com/repos/pmbaumgartner/Syntax/git/blobs{/sha}"],"git_tags_url":["https://api.github.com/repos/pmbaumgartner/Syntax/git/tags{/sha}"],"git_refs_url":["https://api.github.com/repos/pmbaumgartner/Syntax/git/refs{/sha}"],"trees_url":["https://api.github.com/repos/pmbaumgartner/Syntax/git/trees{/sha}"],"statuses_url":["https://api.github.com/repos/pmbaumgartner/Syntax/statuses/{sha}"],"languages_url":["https://api.github.com/repos/pmbaumgartner/Syntax/languages"],"stargazers_url":["https://api.github.com/repos/pmbaumgartner/Syntax/stargazers"],"contributors_url":["https://api.github.com/repos/pmbaumgartner/Syntax/contributors"],"subscribers_url":["https://api.github.com/repos/pmbaumgartner/Syntax/subscribers"],"subscription_url":["https://api.github.com/repos/pmbaumgartner/Syntax/subscription"],"commits_url":["https://api.github.com/repos/pmbaumgartner/Syntax/commits{/sha}"],"git_commits_url":["https://api.github.com/repos/pmbaumgartner/Syntax/git/commits{/sha}"],"comments_url":["https://api.github.com/repos/pmbaumgartner/Syntax/comments{/number}"],"issue_comment_url":["https://api.github.com/repos/pmbaumgartner/Syntax/issues/comments{/number}"],"contents_url":["https://api.github.com/repos/pmbaumgartner/Syntax/contents/{+path}"],"compare_url":["https://api.github.com/repos/pmbaumgartner/Syntax/compare/{base}...{head}"],"merges_url":["https://api.github.com/repos/pmbaumgartner/Syntax/merges"],"archive_url":["https://api.github.com/repos/pmbaumgartner/Syntax/{archive_format}{/ref}"],"downloads_url":["https://api.github.com/repos/pmbaumgartner/Syntax/downloads"],"issues_url":["https://api.github.com/repos/pmbaumgartner/Syntax/issues{/number}"],"pulls_url":["https://api.github.com/repos/pmbaumgartner/Syntax/pulls{/number}"],"milestones_url":["https://api.github.com/repos/pmbaumgartner/Syntax/milestones{/number}"],"notifications_url":["https://api.github.com/repos/pmbaumgartner/Syntax/notifications{?since,all,participating}"],"labels_url":["https://api.github.com/repos/pmbaumgartner/Syntax/labels{/name}"],"releases_url":["https://api.github.com/repos/pmbaumgartner/Syntax/releases{/id}"],"deployments_url":["https://api.github.com/repos/pmbaumgartner/Syntax/deployments"],"created_at":["2018-12-13T15:16:31Z"],"updated_at":["2018-12-13T15:22:51Z"],"pushed_at":["2018-12-13T15:22:50Z"],"git_url":["git://github.com/pmbaumgartner/Syntax.git"],"ssh_url":["git@github.com:pmbaumgartner/Syntax.git"],"clone_url":["https://github.com/pmbaumgartner/Syntax.git"],"svn_url":["https://github.com/pmbaumgartner/Syntax"],"homepage":{},"size":[3029],"stargazers_count":[0],"watchers_count":[0],"language":["JavaScript"],"has_issues":[false],"has_projects":[true],"has_downloads":[true],"has_wiki":[true],"has_pages":[false],"forks_count":[0],"mirror_url":{},"archived":[false],"disabled":[false],"open_issues_count":[0],"license":{"key":["mit"],"name":["MIT License"],"spdx_id":["MIT"],"url":["https://api.github.com/licenses/mit"],"node_id":["MDc6TGljZW5zZTEz"]},"forks":[0],"open_issues":[0],"watchers":[0],"default_branch":["master"],"permissions":{"admin":[false],"push":[false],"pull":[true]}}
