{"id":[48469309],"node_id":["MDEwOlJlcG9zaXRvcnk0ODQ2OTMwOQ=="],"name":["text-feat-lib"],"full_name":["pmbaumgartner/text-feat-lib"],"private":[false],"owner":{"login":["pmbaumgartner"],"id":[5107405],"node_id":["MDQ6VXNlcjUxMDc0MDU="],"avatar_url":["https://avatars1.githubusercontent.com/u/5107405?v=4"],"gravatar_id":[""],"url":["https://api.github.com/users/pmbaumgartner"],"html_url":["https://github.com/pmbaumgartner"],"followers_url":["https://api.github.com/users/pmbaumgartner/followers"],"following_url":["https://api.github.com/users/pmbaumgartner/following{/other_user}"],"gists_url":["https://api.github.com/users/pmbaumgartner/gists{/gist_id}"],"starred_url":["https://api.github.com/users/pmbaumgartner/starred{/owner}{/repo}"],"subscriptions_url":["https://api.github.com/users/pmbaumgartner/subscriptions"],"organizations_url":["https://api.github.com/users/pmbaumgartner/orgs"],"repos_url":["https://api.github.com/users/pmbaumgartner/repos"],"events_url":["https://api.github.com/users/pmbaumgartner/events{/privacy}"],"received_events_url":["https://api.github.com/users/pmbaumgartner/received_events"],"type":["User"],"site_admin":[false]},"html_url":["https://github.com/pmbaumgartner/text-feat-lib"],"description":["Provide a comprehensive list of tokenizers, features, and general NLP things used for text analysis with examples. The initial focus is on features used for twitter data and sentiment analysis."],"fork":[false],"url":["https://api.github.com/repos/pmbaumgartner/text-feat-lib"],"forks_url":["https://api.github.com/repos/pmbaumgartner/text-feat-lib/forks"],"keys_url":["https://api.github.com/repos/pmbaumgartner/text-feat-lib/keys{/key_id}"],"collaborators_url":["https://api.github.com/repos/pmbaumgartner/text-feat-lib/collaborators{/collaborator}"],"teams_url":["https://api.github.com/repos/pmbaumgartner/text-feat-lib/teams"],"hooks_url":["https://api.github.com/repos/pmbaumgartner/text-feat-lib/hooks"],"issue_events_url":["https://api.github.com/repos/pmbaumgartner/text-feat-lib/issues/events{/number}"],"events_url":["https://api.github.com/repos/pmbaumgartner/text-feat-lib/events"],"assignees_url":["https://api.github.com/repos/pmbaumgartner/text-feat-lib/assignees{/user}"],"branches_url":["https://api.github.com/repos/pmbaumgartner/text-feat-lib/branches{/branch}"],"tags_url":["https://api.github.com/repos/pmbaumgartner/text-feat-lib/tags"],"blobs_url":["https://api.github.com/repos/pmbaumgartner/text-feat-lib/git/blobs{/sha}"],"git_tags_url":["https://api.github.com/repos/pmbaumgartner/text-feat-lib/git/tags{/sha}"],"git_refs_url":["https://api.github.com/repos/pmbaumgartner/text-feat-lib/git/refs{/sha}"],"trees_url":["https://api.github.com/repos/pmbaumgartner/text-feat-lib/git/trees{/sha}"],"statuses_url":["https://api.github.com/repos/pmbaumgartner/text-feat-lib/statuses/{sha}"],"languages_url":["https://api.github.com/repos/pmbaumgartner/text-feat-lib/languages"],"stargazers_url":["https://api.github.com/repos/pmbaumgartner/text-feat-lib/stargazers"],"contributors_url":["https://api.github.com/repos/pmbaumgartner/text-feat-lib/contributors"],"subscribers_url":["https://api.github.com/repos/pmbaumgartner/text-feat-lib/subscribers"],"subscription_url":["https://api.github.com/repos/pmbaumgartner/text-feat-lib/subscription"],"commits_url":["https://api.github.com/repos/pmbaumgartner/text-feat-lib/commits{/sha}"],"git_commits_url":["https://api.github.com/repos/pmbaumgartner/text-feat-lib/git/commits{/sha}"],"comments_url":["https://api.github.com/repos/pmbaumgartner/text-feat-lib/comments{/number}"],"issue_comment_url":["https://api.github.com/repos/pmbaumgartner/text-feat-lib/issues/comments{/number}"],"contents_url":["https://api.github.com/repos/pmbaumgartner/text-feat-lib/contents/{+path}"],"compare_url":["https://api.github.com/repos/pmbaumgartner/text-feat-lib/compare/{base}...{head}"],"merges_url":["https://api.github.com/repos/pmbaumgartner/text-feat-lib/merges"],"archive_url":["https://api.github.com/repos/pmbaumgartner/text-feat-lib/{archive_format}{/ref}"],"downloads_url":["https://api.github.com/repos/pmbaumgartner/text-feat-lib/downloads"],"issues_url":["https://api.github.com/repos/pmbaumgartner/text-feat-lib/issues{/number}"],"pulls_url":["https://api.github.com/repos/pmbaumgartner/text-feat-lib/pulls{/number}"],"milestones_url":["https://api.github.com/repos/pmbaumgartner/text-feat-lib/milestones{/number}"],"notifications_url":["https://api.github.com/repos/pmbaumgartner/text-feat-lib/notifications{?since,all,participating}"],"labels_url":["https://api.github.com/repos/pmbaumgartner/text-feat-lib/labels{/name}"],"releases_url":["https://api.github.com/repos/pmbaumgartner/text-feat-lib/releases{/id}"],"deployments_url":["https://api.github.com/repos/pmbaumgartner/text-feat-lib/deployments"],"created_at":["2015-12-23T04:38:10Z"],"updated_at":["2019-01-25T11:02:33Z"],"pushed_at":["2016-01-04T22:09:43Z"],"git_url":["git://github.com/pmbaumgartner/text-feat-lib.git"],"ssh_url":["git@github.com:pmbaumgartner/text-feat-lib.git"],"clone_url":["https://github.com/pmbaumgartner/text-feat-lib.git"],"svn_url":["https://github.com/pmbaumgartner/text-feat-lib"],"homepage":[""],"size":[96],"stargazers_count":[35],"watchers_count":[35],"language":["Jupyter Notebook"],"has_issues":[true],"has_projects":[true],"has_downloads":[true],"has_wiki":[true],"has_pages":[false],"forks_count":[6],"mirror_url":{},"archived":[false],"disabled":[false],"open_issues_count":[0],"license":{},"forks":[6],"open_issues":[0],"watchers":[35],"default_branch":["master"],"permissions":{"admin":[false],"push":[false],"pull":[true]}}
