{"id":[49339593],"node_id":["MDEwOlJlcG9zaXRvcnk0OTMzOTU5Mw=="],"name":["tweetfeats"],"full_name":["pmbaumgartner/tweetfeats"],"private":[false],"owner":{"login":["pmbaumgartner"],"id":[5107405],"node_id":["MDQ6VXNlcjUxMDc0MDU="],"avatar_url":["https://avatars1.githubusercontent.com/u/5107405?v=4"],"gravatar_id":[""],"url":["https://api.github.com/users/pmbaumgartner"],"html_url":["https://github.com/pmbaumgartner"],"followers_url":["https://api.github.com/users/pmbaumgartner/followers"],"following_url":["https://api.github.com/users/pmbaumgartner/following{/other_user}"],"gists_url":["https://api.github.com/users/pmbaumgartner/gists{/gist_id}"],"starred_url":["https://api.github.com/users/pmbaumgartner/starred{/owner}{/repo}"],"subscriptions_url":["https://api.github.com/users/pmbaumgartner/subscriptions"],"organizations_url":["https://api.github.com/users/pmbaumgartner/orgs"],"repos_url":["https://api.github.com/users/pmbaumgartner/repos"],"events_url":["https://api.github.com/users/pmbaumgartner/events{/privacy}"],"received_events_url":["https://api.github.com/users/pmbaumgartner/received_events"],"type":["User"],"site_admin":[false]},"html_url":["https://github.com/pmbaumgartner/tweetfeats"],"description":["Twitter Text Features"],"fork":[false],"url":["https://api.github.com/repos/pmbaumgartner/tweetfeats"],"forks_url":["https://api.github.com/repos/pmbaumgartner/tweetfeats/forks"],"keys_url":["https://api.github.com/repos/pmbaumgartner/tweetfeats/keys{/key_id}"],"collaborators_url":["https://api.github.com/repos/pmbaumgartner/tweetfeats/collaborators{/collaborator}"],"teams_url":["https://api.github.com/repos/pmbaumgartner/tweetfeats/teams"],"hooks_url":["https://api.github.com/repos/pmbaumgartner/tweetfeats/hooks"],"issue_events_url":["https://api.github.com/repos/pmbaumgartner/tweetfeats/issues/events{/number}"],"events_url":["https://api.github.com/repos/pmbaumgartner/tweetfeats/events"],"assignees_url":["https://api.github.com/repos/pmbaumgartner/tweetfeats/assignees{/user}"],"branches_url":["https://api.github.com/repos/pmbaumgartner/tweetfeats/branches{/branch}"],"tags_url":["https://api.github.com/repos/pmbaumgartner/tweetfeats/tags"],"blobs_url":["https://api.github.com/repos/pmbaumgartner/tweetfeats/git/blobs{/sha}"],"git_tags_url":["https://api.github.com/repos/pmbaumgartner/tweetfeats/git/tags{/sha}"],"git_refs_url":["https://api.github.com/repos/pmbaumgartner/tweetfeats/git/refs{/sha}"],"trees_url":["https://api.github.com/repos/pmbaumgartner/tweetfeats/git/trees{/sha}"],"statuses_url":["https://api.github.com/repos/pmbaumgartner/tweetfeats/statuses/{sha}"],"languages_url":["https://api.github.com/repos/pmbaumgartner/tweetfeats/languages"],"stargazers_url":["https://api.github.com/repos/pmbaumgartner/tweetfeats/stargazers"],"contributors_url":["https://api.github.com/repos/pmbaumgartner/tweetfeats/contributors"],"subscribers_url":["https://api.github.com/repos/pmbaumgartner/tweetfeats/subscribers"],"subscription_url":["https://api.github.com/repos/pmbaumgartner/tweetfeats/subscription"],"commits_url":["https://api.github.com/repos/pmbaumgartner/tweetfeats/commits{/sha}"],"git_commits_url":["https://api.github.com/repos/pmbaumgartner/tweetfeats/git/commits{/sha}"],"comments_url":["https://api.github.com/repos/pmbaumgartner/tweetfeats/comments{/number}"],"issue_comment_url":["https://api.github.com/repos/pmbaumgartner/tweetfeats/issues/comments{/number}"],"contents_url":["https://api.github.com/repos/pmbaumgartner/tweetfeats/contents/{+path}"],"compare_url":["https://api.github.com/repos/pmbaumgartner/tweetfeats/compare/{base}...{head}"],"merges_url":["https://api.github.com/repos/pmbaumgartner/tweetfeats/merges"],"archive_url":["https://api.github.com/repos/pmbaumgartner/tweetfeats/{archive_format}{/ref}"],"downloads_url":["https://api.github.com/repos/pmbaumgartner/tweetfeats/downloads"],"issues_url":["https://api.github.com/repos/pmbaumgartner/tweetfeats/issues{/number}"],"pulls_url":["https://api.github.com/repos/pmbaumgartner/tweetfeats/pulls{/number}"],"milestones_url":["https://api.github.com/repos/pmbaumgartner/tweetfeats/milestones{/number}"],"notifications_url":["https://api.github.com/repos/pmbaumgartner/tweetfeats/notifications{?since,all,participating}"],"labels_url":["https://api.github.com/repos/pmbaumgartner/tweetfeats/labels{/name}"],"releases_url":["https://api.github.com/repos/pmbaumgartner/tweetfeats/releases{/id}"],"deployments_url":["https://api.github.com/repos/pmbaumgartner/tweetfeats/deployments"],"created_at":["2016-01-09T20:11:22Z"],"updated_at":["2018-10-04T17:42:45Z"],"pushed_at":["2016-01-11T13:57:52Z"],"git_url":["git://github.com/pmbaumgartner/tweetfeats.git"],"ssh_url":["git@github.com:pmbaumgartner/tweetfeats.git"],"clone_url":["https://github.com/pmbaumgartner/tweetfeats.git"],"svn_url":["https://github.com/pmbaumgartner/tweetfeats"],"homepage":{},"size":[39800],"stargazers_count":[2],"watchers_count":[2],"language":["Python"],"has_issues":[true],"has_projects":[true],"has_downloads":[true],"has_wiki":[true],"has_pages":[false],"forks_count":[0],"mirror_url":{},"archived":[false],"disabled":[false],"open_issues_count":[0],"license":{"key":["other"],"name":["Other"],"spdx_id":["NOASSERTION"],"url":{},"node_id":["MDc6TGljZW5zZTA="]},"forks":[0],"open_issues":[0],"watchers":[2],"default_branch":["master"],"permissions":{"admin":[false],"push":[false],"pull":[true]}}
