{"id":[155857347],"node_id":["MDEwOlJlcG9zaXRvcnkxNTU4NTczNDc="],"name":["twitter-ira-network-notebooks"],"full_name":["pmbaumgartner/twitter-ira-network-notebooks"],"private":[false],"owner":{"login":["pmbaumgartner"],"id":[5107405],"node_id":["MDQ6VXNlcjUxMDc0MDU="],"avatar_url":["https://avatars1.githubusercontent.com/u/5107405?v=4"],"gravatar_id":[""],"url":["https://api.github.com/users/pmbaumgartner"],"html_url":["https://github.com/pmbaumgartner"],"followers_url":["https://api.github.com/users/pmbaumgartner/followers"],"following_url":["https://api.github.com/users/pmbaumgartner/following{/other_user}"],"gists_url":["https://api.github.com/users/pmbaumgartner/gists{/gist_id}"],"starred_url":["https://api.github.com/users/pmbaumgartner/starred{/owner}{/repo}"],"subscriptions_url":["https://api.github.com/users/pmbaumgartner/subscriptions"],"organizations_url":["https://api.github.com/users/pmbaumgartner/orgs"],"repos_url":["https://api.github.com/users/pmbaumgartner/repos"],"events_url":["https://api.github.com/users/pmbaumgartner/events{/privacy}"],"received_events_url":["https://api.github.com/users/pmbaumgartner/received_events"],"type":["User"],"site_admin":[false]},"html_url":["https://github.com/pmbaumgartner/twitter-ira-network-notebooks"],"description":["This repository contains a few notebooks with some light commentary on using graph-tool for network analysis with the Twitter IRA Data."],"fork":[false],"url":["https://api.github.com/repos/pmbaumgartner/twitter-ira-network-notebooks"],"forks_url":["https://api.github.com/repos/pmbaumgartner/twitter-ira-network-notebooks/forks"],"keys_url":["https://api.github.com/repos/pmbaumgartner/twitter-ira-network-notebooks/keys{/key_id}"],"collaborators_url":["https://api.github.com/repos/pmbaumgartner/twitter-ira-network-notebooks/collaborators{/collaborator}"],"teams_url":["https://api.github.com/repos/pmbaumgartner/twitter-ira-network-notebooks/teams"],"hooks_url":["https://api.github.com/repos/pmbaumgartner/twitter-ira-network-notebooks/hooks"],"issue_events_url":["https://api.github.com/repos/pmbaumgartner/twitter-ira-network-notebooks/issues/events{/number}"],"events_url":["https://api.github.com/repos/pmbaumgartner/twitter-ira-network-notebooks/events"],"assignees_url":["https://api.github.com/repos/pmbaumgartner/twitter-ira-network-notebooks/assignees{/user}"],"branches_url":["https://api.github.com/repos/pmbaumgartner/twitter-ira-network-notebooks/branches{/branch}"],"tags_url":["https://api.github.com/repos/pmbaumgartner/twitter-ira-network-notebooks/tags"],"blobs_url":["https://api.github.com/repos/pmbaumgartner/twitter-ira-network-notebooks/git/blobs{/sha}"],"git_tags_url":["https://api.github.com/repos/pmbaumgartner/twitter-ira-network-notebooks/git/tags{/sha}"],"git_refs_url":["https://api.github.com/repos/pmbaumgartner/twitter-ira-network-notebooks/git/refs{/sha}"],"trees_url":["https://api.github.com/repos/pmbaumgartner/twitter-ira-network-notebooks/git/trees{/sha}"],"statuses_url":["https://api.github.com/repos/pmbaumgartner/twitter-ira-network-notebooks/statuses/{sha}"],"languages_url":["https://api.github.com/repos/pmbaumgartner/twitter-ira-network-notebooks/languages"],"stargazers_url":["https://api.github.com/repos/pmbaumgartner/twitter-ira-network-notebooks/stargazers"],"contributors_url":["https://api.github.com/repos/pmbaumgartner/twitter-ira-network-notebooks/contributors"],"subscribers_url":["https://api.github.com/repos/pmbaumgartner/twitter-ira-network-notebooks/subscribers"],"subscription_url":["https://api.github.com/repos/pmbaumgartner/twitter-ira-network-notebooks/subscription"],"commits_url":["https://api.github.com/repos/pmbaumgartner/twitter-ira-network-notebooks/commits{/sha}"],"git_commits_url":["https://api.github.com/repos/pmbaumgartner/twitter-ira-network-notebooks/git/commits{/sha}"],"comments_url":["https://api.github.com/repos/pmbaumgartner/twitter-ira-network-notebooks/comments{/number}"],"issue_comment_url":["https://api.github.com/repos/pmbaumgartner/twitter-ira-network-notebooks/issues/comments{/number}"],"contents_url":["https://api.github.com/repos/pmbaumgartner/twitter-ira-network-notebooks/contents/{+path}"],"compare_url":["https://api.github.com/repos/pmbaumgartner/twitter-ira-network-notebooks/compare/{base}...{head}"],"merges_url":["https://api.github.com/repos/pmbaumgartner/twitter-ira-network-notebooks/merges"],"archive_url":["https://api.github.com/repos/pmbaumgartner/twitter-ira-network-notebooks/{archive_format}{/ref}"],"downloads_url":["https://api.github.com/repos/pmbaumgartner/twitter-ira-network-notebooks/downloads"],"issues_url":["https://api.github.com/repos/pmbaumgartner/twitter-ira-network-notebooks/issues{/number}"],"pulls_url":["https://api.github.com/repos/pmbaumgartner/twitter-ira-network-notebooks/pulls{/number}"],"milestones_url":["https://api.github.com/repos/pmbaumgartner/twitter-ira-network-notebooks/milestones{/number}"],"notifications_url":["https://api.github.com/repos/pmbaumgartner/twitter-ira-network-notebooks/notifications{?since,all,participating}"],"labels_url":["https://api.github.com/repos/pmbaumgartner/twitter-ira-network-notebooks/labels{/name}"],"releases_url":["https://api.github.com/repos/pmbaumgartner/twitter-ira-network-notebooks/releases{/id}"],"deployments_url":["https://api.github.com/repos/pmbaumgartner/twitter-ira-network-notebooks/deployments"],"created_at":["2018-11-02T11:33:15Z"],"updated_at":["2019-01-20T14:18:37Z"],"pushed_at":["2018-11-08T12:52:28Z"],"git_url":["git://github.com/pmbaumgartner/twitter-ira-network-notebooks.git"],"ssh_url":["git@github.com:pmbaumgartner/twitter-ira-network-notebooks.git"],"clone_url":["https://github.com/pmbaumgartner/twitter-ira-network-notebooks.git"],"svn_url":["https://github.com/pmbaumgartner/twitter-ira-network-notebooks"],"homepage":{},"size":[9602],"stargazers_count":[2],"watchers_count":[2],"language":["Jupyter Notebook"],"has_issues":[true],"has_projects":[true],"has_downloads":[true],"has_wiki":[true],"has_pages":[false],"forks_count":[0],"mirror_url":{},"archived":[false],"disabled":[false],"open_issues_count":[0],"license":{},"forks":[0],"open_issues":[0],"watchers":[2],"default_branch":["master"],"permissions":{"admin":[false],"push":[false],"pull":[true]}}
