{"id":[167574371],"node_id":["MDEwOlJlcG9zaXRvcnkxNjc1NzQzNzE="],"name":["weasyprint-docker"],"full_name":["pmbaumgartner/weasyprint-docker"],"private":[false],"owner":{"login":["pmbaumgartner"],"id":[5107405],"node_id":["MDQ6VXNlcjUxMDc0MDU="],"avatar_url":["https://avatars1.githubusercontent.com/u/5107405?v=4"],"gravatar_id":[""],"url":["https://api.github.com/users/pmbaumgartner"],"html_url":["https://github.com/pmbaumgartner"],"followers_url":["https://api.github.com/users/pmbaumgartner/followers"],"following_url":["https://api.github.com/users/pmbaumgartner/following{/other_user}"],"gists_url":["https://api.github.com/users/pmbaumgartner/gists{/gist_id}"],"starred_url":["https://api.github.com/users/pmbaumgartner/starred{/owner}{/repo}"],"subscriptions_url":["https://api.github.com/users/pmbaumgartner/subscriptions"],"organizations_url":["https://api.github.com/users/pmbaumgartner/orgs"],"repos_url":["https://api.github.com/users/pmbaumgartner/repos"],"events_url":["https://api.github.com/users/pmbaumgartner/events{/privacy}"],"received_events_url":["https://api.github.com/users/pmbaumgartner/received_events"],"type":["User"],"site_admin":[false]},"html_url":["https://github.com/pmbaumgartner/weasyprint-docker"],"description":["Docker Image for Weasyprint"],"fork":[false],"url":["https://api.github.com/repos/pmbaumgartner/weasyprint-docker"],"forks_url":["https://api.github.com/repos/pmbaumgartner/weasyprint-docker/forks"],"keys_url":["https://api.github.com/repos/pmbaumgartner/weasyprint-docker/keys{/key_id}"],"collaborators_url":["https://api.github.com/repos/pmbaumgartner/weasyprint-docker/collaborators{/collaborator}"],"teams_url":["https://api.github.com/repos/pmbaumgartner/weasyprint-docker/teams"],"hooks_url":["https://api.github.com/repos/pmbaumgartner/weasyprint-docker/hooks"],"issue_events_url":["https://api.github.com/repos/pmbaumgartner/weasyprint-docker/issues/events{/number}"],"events_url":["https://api.github.com/repos/pmbaumgartner/weasyprint-docker/events"],"assignees_url":["https://api.github.com/repos/pmbaumgartner/weasyprint-docker/assignees{/user}"],"branches_url":["https://api.github.com/repos/pmbaumgartner/weasyprint-docker/branches{/branch}"],"tags_url":["https://api.github.com/repos/pmbaumgartner/weasyprint-docker/tags"],"blobs_url":["https://api.github.com/repos/pmbaumgartner/weasyprint-docker/git/blobs{/sha}"],"git_tags_url":["https://api.github.com/repos/pmbaumgartner/weasyprint-docker/git/tags{/sha}"],"git_refs_url":["https://api.github.com/repos/pmbaumgartner/weasyprint-docker/git/refs{/sha}"],"trees_url":["https://api.github.com/repos/pmbaumgartner/weasyprint-docker/git/trees{/sha}"],"statuses_url":["https://api.github.com/repos/pmbaumgartner/weasyprint-docker/statuses/{sha}"],"languages_url":["https://api.github.com/repos/pmbaumgartner/weasyprint-docker/languages"],"stargazers_url":["https://api.github.com/repos/pmbaumgartner/weasyprint-docker/stargazers"],"contributors_url":["https://api.github.com/repos/pmbaumgartner/weasyprint-docker/contributors"],"subscribers_url":["https://api.github.com/repos/pmbaumgartner/weasyprint-docker/subscribers"],"subscription_url":["https://api.github.com/repos/pmbaumgartner/weasyprint-docker/subscription"],"commits_url":["https://api.github.com/repos/pmbaumgartner/weasyprint-docker/commits{/sha}"],"git_commits_url":["https://api.github.com/repos/pmbaumgartner/weasyprint-docker/git/commits{/sha}"],"comments_url":["https://api.github.com/repos/pmbaumgartner/weasyprint-docker/comments{/number}"],"issue_comment_url":["https://api.github.com/repos/pmbaumgartner/weasyprint-docker/issues/comments{/number}"],"contents_url":["https://api.github.com/repos/pmbaumgartner/weasyprint-docker/contents/{+path}"],"compare_url":["https://api.github.com/repos/pmbaumgartner/weasyprint-docker/compare/{base}...{head}"],"merges_url":["https://api.github.com/repos/pmbaumgartner/weasyprint-docker/merges"],"archive_url":["https://api.github.com/repos/pmbaumgartner/weasyprint-docker/{archive_format}{/ref}"],"downloads_url":["https://api.github.com/repos/pmbaumgartner/weasyprint-docker/downloads"],"issues_url":["https://api.github.com/repos/pmbaumgartner/weasyprint-docker/issues{/number}"],"pulls_url":["https://api.github.com/repos/pmbaumgartner/weasyprint-docker/pulls{/number}"],"milestones_url":["https://api.github.com/repos/pmbaumgartner/weasyprint-docker/milestones{/number}"],"notifications_url":["https://api.github.com/repos/pmbaumgartner/weasyprint-docker/notifications{?since,all,participating}"],"labels_url":["https://api.github.com/repos/pmbaumgartner/weasyprint-docker/labels{/name}"],"releases_url":["https://api.github.com/repos/pmbaumgartner/weasyprint-docker/releases{/id}"],"deployments_url":["https://api.github.com/repos/pmbaumgartner/weasyprint-docker/deployments"],"created_at":["2019-01-25T16:04:04Z"],"updated_at":["2019-02-05T01:05:40Z"],"pushed_at":["2019-02-05T01:05:38Z"],"git_url":["git://github.com/pmbaumgartner/weasyprint-docker.git"],"ssh_url":["git@github.com:pmbaumgartner/weasyprint-docker.git"],"clone_url":["https://github.com/pmbaumgartner/weasyprint-docker.git"],"svn_url":["https://github.com/pmbaumgartner/weasyprint-docker"],"homepage":{},"size":[6],"stargazers_count":[0],"watchers_count":[0],"language":["Dockerfile"],"has_issues":[true],"has_projects":[true],"has_downloads":[true],"has_wiki":[true],"has_pages":[false],"forks_count":[0],"mirror_url":{},"archived":[false],"disabled":[false],"open_issues_count":[0],"license":{"key":["apache-2.0"],"name":["Apache License 2.0"],"spdx_id":["Apache-2.0"],"url":["https://api.github.com/licenses/apache-2.0"],"node_id":["MDc6TGljZW5zZTI="]},"forks":[0],"open_issues":[0],"watchers":[0],"default_branch":["master"],"permissions":{"admin":[false],"push":[false],"pull":[true]}}
