{"id":[29374803],"node_id":["MDEwOlJlcG9zaXRvcnkyOTM3NDgwMw=="],"name":["wolfram_alpha_cant"],"full_name":["pmbaumgartner/wolfram_alpha_cant"],"private":[false],"owner":{"login":["pmbaumgartner"],"id":[5107405],"node_id":["MDQ6VXNlcjUxMDc0MDU="],"avatar_url":["https://avatars1.githubusercontent.com/u/5107405?v=4"],"gravatar_id":[""],"url":["https://api.github.com/users/pmbaumgartner"],"html_url":["https://github.com/pmbaumgartner"],"followers_url":["https://api.github.com/users/pmbaumgartner/followers"],"following_url":["https://api.github.com/users/pmbaumgartner/following{/other_user}"],"gists_url":["https://api.github.com/users/pmbaumgartner/gists{/gist_id}"],"starred_url":["https://api.github.com/users/pmbaumgartner/starred{/owner}{/repo}"],"subscriptions_url":["https://api.github.com/users/pmbaumgartner/subscriptions"],"organizations_url":["https://api.github.com/users/pmbaumgartner/orgs"],"repos_url":["https://api.github.com/users/pmbaumgartner/repos"],"events_url":["https://api.github.com/users/pmbaumgartner/events{/privacy}"],"received_events_url":["https://api.github.com/users/pmbaumgartner/received_events"],"type":["User"],"site_admin":[false]},"html_url":["https://github.com/pmbaumgartner/wolfram_alpha_cant"],"description":{},"fork":[false],"url":["https://api.github.com/repos/pmbaumgartner/wolfram_alpha_cant"],"forks_url":["https://api.github.com/repos/pmbaumgartner/wolfram_alpha_cant/forks"],"keys_url":["https://api.github.com/repos/pmbaumgartner/wolfram_alpha_cant/keys{/key_id}"],"collaborators_url":["https://api.github.com/repos/pmbaumgartner/wolfram_alpha_cant/collaborators{/collaborator}"],"teams_url":["https://api.github.com/repos/pmbaumgartner/wolfram_alpha_cant/teams"],"hooks_url":["https://api.github.com/repos/pmbaumgartner/wolfram_alpha_cant/hooks"],"issue_events_url":["https://api.github.com/repos/pmbaumgartner/wolfram_alpha_cant/issues/events{/number}"],"events_url":["https://api.github.com/repos/pmbaumgartner/wolfram_alpha_cant/events"],"assignees_url":["https://api.github.com/repos/pmbaumgartner/wolfram_alpha_cant/assignees{/user}"],"branches_url":["https://api.github.com/repos/pmbaumgartner/wolfram_alpha_cant/branches{/branch}"],"tags_url":["https://api.github.com/repos/pmbaumgartner/wolfram_alpha_cant/tags"],"blobs_url":["https://api.github.com/repos/pmbaumgartner/wolfram_alpha_cant/git/blobs{/sha}"],"git_tags_url":["https://api.github.com/repos/pmbaumgartner/wolfram_alpha_cant/git/tags{/sha}"],"git_refs_url":["https://api.github.com/repos/pmbaumgartner/wolfram_alpha_cant/git/refs{/sha}"],"trees_url":["https://api.github.com/repos/pmbaumgartner/wolfram_alpha_cant/git/trees{/sha}"],"statuses_url":["https://api.github.com/repos/pmbaumgartner/wolfram_alpha_cant/statuses/{sha}"],"languages_url":["https://api.github.com/repos/pmbaumgartner/wolfram_alpha_cant/languages"],"stargazers_url":["https://api.github.com/repos/pmbaumgartner/wolfram_alpha_cant/stargazers"],"contributors_url":["https://api.github.com/repos/pmbaumgartner/wolfram_alpha_cant/contributors"],"subscribers_url":["https://api.github.com/repos/pmbaumgartner/wolfram_alpha_cant/subscribers"],"subscription_url":["https://api.github.com/repos/pmbaumgartner/wolfram_alpha_cant/subscription"],"commits_url":["https://api.github.com/repos/pmbaumgartner/wolfram_alpha_cant/commits{/sha}"],"git_commits_url":["https://api.github.com/repos/pmbaumgartner/wolfram_alpha_cant/git/commits{/sha}"],"comments_url":["https://api.github.com/repos/pmbaumgartner/wolfram_alpha_cant/comments{/number}"],"issue_comment_url":["https://api.github.com/repos/pmbaumgartner/wolfram_alpha_cant/issues/comments{/number}"],"contents_url":["https://api.github.com/repos/pmbaumgartner/wolfram_alpha_cant/contents/{+path}"],"compare_url":["https://api.github.com/repos/pmbaumgartner/wolfram_alpha_cant/compare/{base}...{head}"],"merges_url":["https://api.github.com/repos/pmbaumgartner/wolfram_alpha_cant/merges"],"archive_url":["https://api.github.com/repos/pmbaumgartner/wolfram_alpha_cant/{archive_format}{/ref}"],"downloads_url":["https://api.github.com/repos/pmbaumgartner/wolfram_alpha_cant/downloads"],"issues_url":["https://api.github.com/repos/pmbaumgartner/wolfram_alpha_cant/issues{/number}"],"pulls_url":["https://api.github.com/repos/pmbaumgartner/wolfram_alpha_cant/pulls{/number}"],"milestones_url":["https://api.github.com/repos/pmbaumgartner/wolfram_alpha_cant/milestones{/number}"],"notifications_url":["https://api.github.com/repos/pmbaumgartner/wolfram_alpha_cant/notifications{?since,all,participating}"],"labels_url":["https://api.github.com/repos/pmbaumgartner/wolfram_alpha_cant/labels{/name}"],"releases_url":["https://api.github.com/repos/pmbaumgartner/wolfram_alpha_cant/releases{/id}"],"deployments_url":["https://api.github.com/repos/pmbaumgartner/wolfram_alpha_cant/deployments"],"created_at":["2015-01-17T00:50:53Z"],"updated_at":["2015-01-17T00:50:53Z"],"pushed_at":["2015-09-28T11:32:59Z"],"git_url":["git://github.com/pmbaumgartner/wolfram_alpha_cant.git"],"ssh_url":["git@github.com:pmbaumgartner/wolfram_alpha_cant.git"],"clone_url":["https://github.com/pmbaumgartner/wolfram_alpha_cant.git"],"svn_url":["https://github.com/pmbaumgartner/wolfram_alpha_cant"],"homepage":{},"size":[1112],"stargazers_count":[0],"watchers_count":[0],"language":{},"has_issues":[true],"has_projects":[true],"has_downloads":[true],"has_wiki":[true],"has_pages":[false],"forks_count":[0],"mirror_url":{},"archived":[false],"disabled":[false],"open_issues_count":[0],"license":{},"forks":[0],"open_issues":[0],"watchers":[0],"default_branch":["master"],"permissions":{"admin":[false],"push":[false],"pull":[true]}}
