{"login":["drastorguev"],"id":[24456574],"node_id":["MDQ6VXNlcjI0NDU2NTc0"],"avatar_url":["https://avatars0.githubusercontent.com/u/24456574?v=4"],"gravatar_id":[""],"url":["https://api.github.com/users/drastorguev"],"html_url":["https://github.com/drastorguev"],"followers_url":["https://api.github.com/users/drastorguev/followers"],"following_url":["https://api.github.com/users/drastorguev/following{/other_user}"],"gists_url":["https://api.github.com/users/drastorguev/gists{/gist_id}"],"starred_url":["https://api.github.com/users/drastorguev/starred{/owner}{/repo}"],"subscriptions_url":["https://api.github.com/users/drastorguev/subscriptions"],"organizations_url":["https://api.github.com/users/drastorguev/orgs"],"repos_url":["https://api.github.com/users/drastorguev/repos"],"events_url":["https://api.github.com/users/drastorguev/events{/privacy}"],"received_events_url":["https://api.github.com/users/drastorguev/received_events"],"type":["User"],"site_admin":[false]}
