{"login":["davan690"],"id":[29157295],"node_id":["MDQ6VXNlcjI5MTU3Mjk1"],"avatar_url":["https://avatars3.githubusercontent.com/u/29157295?v=4"],"gravatar_id":[""],"url":["https://api.github.com/users/davan690"],"html_url":["https://github.com/davan690"],"followers_url":["https://api.github.com/users/davan690/followers"],"following_url":["https://api.github.com/users/davan690/following{/other_user}"],"gists_url":["https://api.github.com/users/davan690/gists{/gist_id}"],"starred_url":["https://api.github.com/users/davan690/starred{/owner}{/repo}"],"subscriptions_url":["https://api.github.com/users/davan690/subscriptions"],"organizations_url":["https://api.github.com/users/davan690/orgs"],"repos_url":["https://api.github.com/users/davan690/repos"],"events_url":["https://api.github.com/users/davan690/events{/privacy}"],"received_events_url":["https://api.github.com/users/davan690/received_events"],"type":["User"],"site_admin":[false]}
