{"login":["madhurilalitha"],"id":[29155196],"node_id":["MDQ6VXNlcjI5MTU1MTk2"],"avatar_url":["https://avatars3.githubusercontent.com/u/29155196?v=4"],"gravatar_id":[""],"url":["https://api.github.com/users/madhurilalitha"],"html_url":["https://github.com/madhurilalitha"],"followers_url":["https://api.github.com/users/madhurilalitha/followers"],"following_url":["https://api.github.com/users/madhurilalitha/following{/other_user}"],"gists_url":["https://api.github.com/users/madhurilalitha/gists{/gist_id}"],"starred_url":["https://api.github.com/users/madhurilalitha/starred{/owner}{/repo}"],"subscriptions_url":["https://api.github.com/users/madhurilalitha/subscriptions"],"organizations_url":["https://api.github.com/users/madhurilalitha/orgs"],"repos_url":["https://api.github.com/users/madhurilalitha/repos"],"events_url":["https://api.github.com/users/madhurilalitha/events{/privacy}"],"received_events_url":["https://api.github.com/users/madhurilalitha/received_events"],"type":["User"],"site_admin":[false]}
