{"login":["rebeccax"],"id":[30801570],"node_id":["MDQ6VXNlcjMwODAxNTcw"],"avatar_url":["https://avatars1.githubusercontent.com/u/30801570?v=4"],"gravatar_id":[""],"url":["https://api.github.com/users/rebeccax"],"html_url":["https://github.com/rebeccax"],"followers_url":["https://api.github.com/users/rebeccax/followers"],"following_url":["https://api.github.com/users/rebeccax/following{/other_user}"],"gists_url":["https://api.github.com/users/rebeccax/gists{/gist_id}"],"starred_url":["https://api.github.com/users/rebeccax/starred{/owner}{/repo}"],"subscriptions_url":["https://api.github.com/users/rebeccax/subscriptions"],"organizations_url":["https://api.github.com/users/rebeccax/orgs"],"repos_url":["https://api.github.com/users/rebeccax/repos"],"events_url":["https://api.github.com/users/rebeccax/events{/privacy}"],"received_events_url":["https://api.github.com/users/rebeccax/received_events"],"type":["User"],"site_admin":[false]}
