{"login":["rchew"],"id":[3156186],"node_id":["MDQ6VXNlcjMxNTYxODY="],"avatar_url":["https://avatars1.githubusercontent.com/u/3156186?v=4"],"gravatar_id":[""],"url":["https://api.github.com/users/rchew"],"html_url":["https://github.com/rchew"],"followers_url":["https://api.github.com/users/rchew/followers"],"following_url":["https://api.github.com/users/rchew/following{/other_user}"],"gists_url":["https://api.github.com/users/rchew/gists{/gist_id}"],"starred_url":["https://api.github.com/users/rchew/starred{/owner}{/repo}"],"subscriptions_url":["https://api.github.com/users/rchew/subscriptions"],"organizations_url":["https://api.github.com/users/rchew/orgs"],"repos_url":["https://api.github.com/users/rchew/repos"],"events_url":["https://api.github.com/users/rchew/events{/privacy}"],"received_events_url":["https://api.github.com/users/rchew/received_events"],"type":["User"],"site_admin":[false]}
