{"login":["naireeni"],"id":[34068216],"node_id":["MDQ6VXNlcjM0MDY4MjE2"],"avatar_url":["https://avatars1.githubusercontent.com/u/34068216?v=4"],"gravatar_id":[""],"url":["https://api.github.com/users/naireeni"],"html_url":["https://github.com/naireeni"],"followers_url":["https://api.github.com/users/naireeni/followers"],"following_url":["https://api.github.com/users/naireeni/following{/other_user}"],"gists_url":["https://api.github.com/users/naireeni/gists{/gist_id}"],"starred_url":["https://api.github.com/users/naireeni/starred{/owner}{/repo}"],"subscriptions_url":["https://api.github.com/users/naireeni/subscriptions"],"organizations_url":["https://api.github.com/users/naireeni/orgs"],"repos_url":["https://api.github.com/users/naireeni/repos"],"events_url":["https://api.github.com/users/naireeni/events{/privacy}"],"received_events_url":["https://api.github.com/users/naireeni/received_events"],"type":["User"],"site_admin":[false]}
