{"login":["Fohlen"],"id":[3730888],"node_id":["MDQ6VXNlcjM3MzA4ODg="],"avatar_url":["https://avatars1.githubusercontent.com/u/3730888?v=4"],"gravatar_id":[""],"url":["https://api.github.com/users/Fohlen"],"html_url":["https://github.com/Fohlen"],"followers_url":["https://api.github.com/users/Fohlen/followers"],"following_url":["https://api.github.com/users/Fohlen/following{/other_user}"],"gists_url":["https://api.github.com/users/Fohlen/gists{/gist_id}"],"starred_url":["https://api.github.com/users/Fohlen/starred{/owner}{/repo}"],"subscriptions_url":["https://api.github.com/users/Fohlen/subscriptions"],"organizations_url":["https://api.github.com/users/Fohlen/orgs"],"repos_url":["https://api.github.com/users/Fohlen/repos"],"events_url":["https://api.github.com/users/Fohlen/events{/privacy}"],"received_events_url":["https://api.github.com/users/Fohlen/received_events"],"type":["User"],"site_admin":[false]}
