{"login":["pierretd"],"id":[42428262],"node_id":["MDQ6VXNlcjQyNDI4MjYy"],"avatar_url":["https://avatars3.githubusercontent.com/u/42428262?v=4"],"gravatar_id":[""],"url":["https://api.github.com/users/pierretd"],"html_url":["https://github.com/pierretd"],"followers_url":["https://api.github.com/users/pierretd/followers"],"following_url":["https://api.github.com/users/pierretd/following{/other_user}"],"gists_url":["https://api.github.com/users/pierretd/gists{/gist_id}"],"starred_url":["https://api.github.com/users/pierretd/starred{/owner}{/repo}"],"subscriptions_url":["https://api.github.com/users/pierretd/subscriptions"],"organizations_url":["https://api.github.com/users/pierretd/orgs"],"repos_url":["https://api.github.com/users/pierretd/repos"],"events_url":["https://api.github.com/users/pierretd/events{/privacy}"],"received_events_url":["https://api.github.com/users/pierretd/received_events"],"type":["User"],"site_admin":[false]}
